id,n_points,density_sum,abs_diff
0001,45,45.000004,0.000004
0002,0,0.000000,0.000000
0003,0,0.000000,0.000000
0004,108,107.999992,0.000008
0005,37,36.999996,0.000004
0006,839,839.000122,0.000122
0007,34,34.000000,0.000000
0008,10294,10294.000000,0.000000
0009,100,100.000000,0.000000
0010,36,36.000000,0.000000
0011,133,133.000000,0.000000
0012,492,492.000000,0.000000
0013,744,744.000000,0.000000
0014,84,84.000000,0.000000
0015,1840,1840.000000,0.000000
0016,981,981.000000,0.000000
0017,77,77.000000,0.000000
0018,29,29.000004,0.000004
0019,2097,2097.000000,0.000000
0020,38,38.000000,0.000000
0021,354,354.000000,0.000000
0022,0,0.000000,0.000000
0023,1037,1037.000000,0.000000
0024,137,137.000000,0.000000
0025,121,121.000008,0.000008
0026,176,176.000000,0.000000
0027,295,295.000000,0.000000
0028,161,160.999985,0.000015
0029,210,210.000000,0.000000
0030,230,230.000000,0.000000
0031,49,49.000000,0.000000
0032,0,0.000000,0.000000
0033,6,6.000000,0.000000
0034,174,173.999985,0.000015
0035,534,534.000000,0.000000
0036,119,119.000000,0.000000
0037,292,292.000000,0.000000
0038,8,8.000000,0.000000
0039,603,603.000000,0.000000
0040,143,143.000000,0.000000
0041,711,711.000000,0.000000
0042,46,46.000000,0.000000
0043,132,132.000000,0.000000
0044,35,34.999996,0.000004
0045,418,418.000000,0.000000
0046,14,13.999999,0.000001
0047,27,27.000000,0.000000
0048,57,57.000000,0.000000
0049,749,749.000000,0.000000
0050,373,373.000000,0.000000
0051,0,0.000000,0.000000
0052,174,174.000000,0.000000
0053,100,100.000000,0.000000
0054,520,520.000000,0.000000
0055,160,160.000000,0.000000
0056,108,108.000000,0.000000
0057,191,191.000000,0.000000
0058,118,118.000000,0.000000
0059,858,858.000000,0.000000
0060,384,384.000000,0.000000
0061,21,21.000000,0.000000
0062,87,87.000000,0.000000
0063,329,329.000000,0.000000
0064,95,95.000000,0.000000
0065,341,341.000000,0.000000
0066,13,13.000002,0.000002
0067,9,9.000000,0.000000
0068,953,953.000122,0.000122
0069,48,48.000000,0.000000
0070,332,332.000000,0.000000
0071,202,201.999985,0.000015
0072,171,171.000000,0.000000
0073,195,194.999969,0.000031
0074,228,228.000000,0.000000
0075,36,36.000000,0.000000
0076,161,161.000000,0.000000
0077,232,231.999969,0.000031
0078,489,489.000000,0.000000
0079,215,215.000000,0.000000
0080,1015,1015.000000,0.000000
0081,77,77.000000,0.000000
0082,603,603.000000,0.000000
0083,142,142.000000,0.000000
0084,55,54.999996,0.000004
0085,25,25.000004,0.000004
0086,0,0.000000,0.000000
0087,442,442.000000,0.000000
0088,156,156.000015,0.000015
0089,53,53.000004,0.000004
0090,212,211.999969,0.000031
0091,146,146.000000,0.000000
0092,223,223.000000,0.000000
0093,58,58.000000,0.000000
0094,69,69.000000,0.000000
0095,252,252.000000,0.000000
0096,39,39.000000,0.000000
0097,91,91.000000,0.000000
0098,57,57.000000,0.000000
0099,92,92.000000,0.000000
0100,138,138.000000,0.000000
0101,47,47.000000,0.000000
0102,1889,1888.999878,0.000122
0103,0,0.000000,0.000000
0104,7,7.000001,0.000001
0105,32,32.000000,0.000000
0106,158,158.000000,0.000000
0107,491,491.000000,0.000000
0108,79,79.000000,0.000000
0109,0,0.000000,0.000000
0110,29,29.000000,0.000000
0111,1042,1042.000000,0.000000
0112,65,65.000000,0.000000
0113,201,201.000000,0.000000
0114,323,323.000000,0.000000
0115,683,683.000000,0.000000
0116,72,72.000000,0.000000
0117,38,38.000004,0.000004
0118,0,0.000000,0.000000
0119,37,37.000000,0.000000
0120,739,739.000000,0.000000
0121,249,249.000000,0.000000
0122,6,6.000000,0.000000
0123,437,437.000000,0.000000
0124,78,77.999985,0.000015
0125,0,0.000000,0.000000
0126,25,25.000000,0.000000
0127,48,47.999996,0.000004
0128,359,359.000000,0.000000
0129,141,141.000000,0.000000
0130,897,897.000000,0.000000
0131,35,35.000004,0.000004
0132,1107,1107.000000,0.000000
0133,112,112.000000,0.000000
0134,175,175.000000,0.000000
0135,97,97.000000,0.000000
0136,890,890.000000,0.000000
0137,8,8.000000,0.000000
0138,85,85.000000,0.000000
0139,1285,1285.000000,0.000000
0140,0,0.000000,0.000000
0141,87,87.000000,0.000000
0142,320,320.000000,0.000000
0143,413,413.000000,0.000000
0144,34,34.000000,0.000000
0145,285,285.000000,0.000000
0146,0,0.000000,0.000000
0147,336,336.000000,0.000000
0148,245,245.000000,0.000000
0149,312,312.000000,0.000000
0150,419,419.000061,0.000061
0151,117,117.000000,0.000000
0152,0,0.000000,0.000000
0153,140,140.000000,0.000000
0154,265,265.000000,0.000000
0155,182,182.000000,0.000000
0156,283,283.000000,0.000000
0157,221,221.000000,0.000000
0158,269,269.000000,0.000000
0159,114,114.000000,0.000000
0160,71,71.000000,0.000000
0161,288,288.000000,0.000000
0162,203,203.000000,0.000000
0163,152,152.000000,0.000000
0164,10845,10845.000000,0.000000
0165,105,105.000000,0.000000
0166,106,106.000000,0.000000
0167,238,237.999985,0.000015
0168,72,72.000000,0.000000
0169,602,602.000000,0.000000
0170,644,644.000000,0.000000
0171,0,0.000000,0.000000
0172,0,0.000000,0.000000
0173,0,0.000000,0.000000
0174,44,44.000000,0.000000
0175,40,40.000000,0.000000
0176,85,85.000000,0.000000
0177,480,479.999939,0.000061
0178,8359,8359.000000,0.000000
0179,37,37.000000,0.000000
0180,835,835.000000,0.000000
0181,1283,1283.000000,0.000000
0182,0,0.000000,0.000000
0183,1384,1384.000000,0.000000
0184,50,50.000000,0.000000
0185,135,135.000015,0.000015
0186,20,20.000000,0.000000
0187,221,221.000000,0.000000
0188,13,13.000000,0.000000
0189,368,368.000061,0.000061
0190,802,802.000000,0.000000
0191,307,307.000000,0.000000
0192,545,545.000000,0.000000
0193,655,655.000000,0.000000
0194,0,0.000000,0.000000
0195,0,0.000000,0.000000
0196,32,32.000000,0.000000
0197,308,308.000000,0.000000
0198,308,308.000000,0.000000
0199,639,639.000000,0.000000
0200,101,101.000000,0.000000
0201,191,191.000000,0.000000
0202,116,116.000000,0.000000
0203,0,0.000000,0.000000
0204,0,0.000000,0.000000
0205,58,58.000000,0.000000
0206,57,57.000000,0.000000
0207,215,215.000000,0.000000
0208,0,0.000000,0.000000
0209,235,235.000000,0.000000
0210,71,71.000015,0.000015
0211,345,345.000000,0.000000
0212,1270,1270.000000,0.000000
0213,71,71.000000,0.000000
0214,96,95.999992,0.000008
0215,41,41.000000,0.000000
0216,69,69.000000,0.000000
0217,63,63.000000,0.000000
0218,233,233.000000,0.000000
0219,104,104.000000,0.000000
0220,0,0.000000,0.000000
0221,19,19.000002,0.000002
0222,121,121.000015,0.000015
0223,170,170.000000,0.000000
0224,48,48.000000,0.000000
0225,0,0.000000,0.000000
0226,150,150.000000,0.000000
0227,1637,1637.000000,0.000000
0228,322,322.000000,0.000000
0229,243,243.000000,0.000000
0230,25,25.000000,0.000000
0231,309,308.999969,0.000031
0232,15,15.000000,0.000000
0233,118,118.000008,0.000008
0234,44,44.000000,0.000000
0235,179,179.000000,0.000000
0236,234,233.999985,0.000015
0237,151,151.000000,0.000000
0238,219,218.999969,0.000031
0239,0,0.000000,0.000000
0240,70,70.000000,0.000000
0241,483,483.000092,0.000092
0242,1062,1062.000000,0.000000
0243,15,15.000000,0.000000
0244,40,40.000000,0.000000
0245,1448,1448.000000,0.000000
0246,223,223.000000,0.000000
0247,38,38.000000,0.000000
0248,27,27.000000,0.000000
0249,132,132.000000,0.000000
0250,201,201.000015,0.000015
0251,1550,1549.999756,0.000244
0252,83,83.000000,0.000000
0253,0,0.000000,0.000000
0254,123,122.999992,0.000008
0255,536,536.000000,0.000000
0256,0,0.000000,0.000000
0257,3245,3245.000000,0.000000
0258,196,196.000000,0.000000
0259,111,111.000000,0.000000
0260,59,59.000004,0.000004
0261,261,260.999969,0.000031
0262,227,226.999969,0.000031
0263,104,104.000000,0.000000
0264,802,802.000000,0.000000
0265,307,307.000000,0.000000
0266,243,243.000000,0.000000
0267,0,0.000000,0.000000
0268,377,377.000000,0.000000
0269,108,108.000000,0.000000
0270,69,69.000000,0.000000
0271,0,0.000000,0.000000
0272,270,270.000000,0.000000
0273,64,64.000000,0.000000
0274,1551,1551.000000,0.000000
0275,326,326.000000,0.000000
0276,5,5.000000,0.000000
0277,97,96.999985,0.000015
0278,458,458.000061,0.000061
0279,48,48.000000,0.000000
0280,2344,2344.000000,0.000000
0281,106,106.000008,0.000008
0282,240,240.000000,0.000000
0283,113,113.000000,0.000000
0284,449,449.000000,0.000000
0285,66,66.000000,0.000000
0286,60,60.000000,0.000000
0287,40,40.000000,0.000000
0288,125,125.000008,0.000008
0289,24,24.000000,0.000000
0290,381,381.000000,0.000000
0291,244,244.000000,0.000000
0292,0,0.000000,0.000000
0293,122,122.000000,0.000000
0294,863,863.000061,0.000061
0295,84,84.000000,0.000000
0296,816,816.000000,0.000000
0297,1099,1099.000000,0.000000
0298,576,576.000000,0.000000
0299,573,573.000000,0.000000
0300,152,152.000000,0.000000
0301,144,144.000000,0.000000
0302,644,644.000000,0.000000
0303,98,98.000000,0.000000
0304,5,5.000000,0.000000
0305,25,25.000000,0.000000
0306,114,114.000000,0.000000
0307,38,38.000000,0.000000
0308,226,226.000000,0.000000
0309,20,20.000000,0.000000
0310,278,278.000000,0.000000
0311,681,681.000000,0.000000
0312,28,28.000000,0.000000
0313,171,171.000000,0.000000
0314,114,114.000000,0.000000
0315,218,218.000000,0.000000
0316,21,21.000000,0.000000
0317,169,169.000000,0.000000
0318,399,399.000061,0.000061
0319,22,22.000000,0.000000
0320,1459,1459.000000,0.000000
0321,389,389.000000,0.000000
0322,252,252.000000,0.000000
0323,424,424.000031,0.000031
0324,56,56.000000,0.000000
0325,1003,1003.000000,0.000000
0326,15,15.000000,0.000000
0327,434,434.000000,0.000000
0328,69,68.999992,0.000008
0329,538,538.000000,0.000000
0330,1385,1385.000000,0.000000
0331,169,169.000000,0.000000
0332,0,0.000000,0.000000
0333,270,270.000000,0.000000
0334,773,773.000000,0.000000
0335,488,488.000031,0.000031
0336,284,284.000000,0.000000
0337,414,414.000000,0.000000
0338,1200,1200.000000,0.000000
0339,786,786.000000,0.000000
0340,203,203.000000,0.000000
0341,208,208.000000,0.000000
0342,976,976.000000,0.000000
0343,506,506.000000,0.000000
0344,278,278.000000,0.000000
0345,29,29.000000,0.000000
0346,5458,5458.000000,0.000000
0347,226,226.000000,0.000000
0348,106,106.000000,0.000000
0349,770,770.000000,0.000000
0350,670,670.000000,0.000000
0351,0,0.000000,0.000000
0352,85,85.000000,0.000000
0353,311,311.000000,0.000000
0354,567,567.000000,0.000000
0355,0,0.000000,0.000000
0356,0,0.000000,0.000000
0357,24,24.000000,0.000000
0358,408,408.000061,0.000061
0359,432,432.000000,0.000000
0360,782,782.000000,0.000000
0361,0,0.000000,0.000000
0362,249,249.000000,0.000000
0363,42,42.000000,0.000000
0364,161,161.000000,0.000000
0365,59,59.000008,0.000008
0366,187,186.999985,0.000015
0367,129,129.000000,0.000000
0368,145,145.000000,0.000000
0369,0,0.000000,0.000000
0370,125,125.000000,0.000000
0371,359,359.000000,0.000000
0372,382,382.000000,0.000000
0373,338,338.000000,0.000000
0374,308,308.000000,0.000000
0375,175,175.000031,0.000031
0376,120,120.000000,0.000000
0377,54,54.000000,0.000000
0378,108,108.000000,0.000000
0379,228,227.999985,0.000015
0380,183,183.000000,0.000000
0381,229,228.999985,0.000015
0382,76,76.000000,0.000000
0383,1357,1357.000000,0.000000
0384,594,594.000000,0.000000
0385,369,369.000000,0.000000
0386,98,98.000000,0.000000
0387,172,171.999985,0.000015
0388,103,103.000000,0.000000
0389,5601,5601.000000,0.000000
0390,0,0.000000,0.000000
0391,233,233.000046,0.000046
0392,65,65.000000,0.000000
0393,263,263.000000,0.000000
0394,33,33.000004,0.000004
0395,21,21.000000,0.000000
0396,1,1.000000,0.000000
0397,63,63.000004,0.000004
0398,1119,1119.000000,0.000000
0399,41,41.000000,0.000000
0400,320,320.000000,0.000000
0401,0,0.000000,0.000000
0402,62,61.999996,0.000004
0403,441,441.000000,0.000000
0404,1144,1144.000000,0.000000
0405,440,440.000000,0.000000
0406,26,26.000000,0.000000
0407,0,0.000000,0.000000
0408,0,0.000000,0.000000
0409,421,421.000000,0.000000
0410,266,266.000000,0.000000
0411,463,463.000000,0.000000
0412,112,111.999977,0.000023
0413,216,215.999969,0.000031
0414,62,62.000004,0.000004
0415,483,483.000000,0.000000
0416,74,74.000000,0.000000
0417,0,0.000000,0.000000
0418,257,257.000000,0.000000
0419,452,452.000031,0.000031
0420,0,0.000000,0.000000
0421,788,788.000000,0.000000
0422,0,0.000000,0.000000
0423,61,61.000000,0.000000
0424,70,70.000000,0.000000
0425,105,105.000000,0.000000
0426,412,412.000000,0.000000
0427,103,103.000000,0.000000
0428,504,503.999939,0.000061
0429,0,0.000000,0.000000
0430,36,36.000000,0.000000
0431,112,112.000015,0.000015
0432,61,61.000000,0.000000
0433,247,246.999969,0.000031
0434,420,420.000000,0.000000
0435,162,162.000000,0.000000
0436,1026,1026.000000,0.000000
0437,1477,1477.000000,0.000000
0438,0,0.000000,0.000000
0439,170,170.000000,0.000000
0440,1087,1087.000000,0.000000
0441,262,262.000000,0.000000
0442,172,172.000000,0.000000
0443,310,310.000000,0.000000
0444,95,95.000000,0.000000
0445,164,164.000015,0.000015
0446,627,627.000000,0.000000
0447,433,433.000092,0.000092
0448,98,98.000000,0.000000
0449,187,187.000000,0.000000
0450,15,15.000000,0.000000
0451,3700,3700.000000,0.000000
0452,87,87.000000,0.000000
0453,209,209.000000,0.000000
0454,68,68.000000,0.000000
0455,422,422.000000,0.000000
0456,57,57.000000,0.000000
0457,2288,2288.000244,0.000244
0458,148,148.000000,0.000000
0459,157,157.000000,0.000000
0460,0,0.000000,0.000000
0461,162,162.000000,0.000000
0462,115,114.999985,0.000015
0463,48,48.000000,0.000000
0464,99,98.999985,0.000015
0465,0,0.000000,0.000000
0466,68,68.000000,0.000000
0467,187,187.000015,0.000015
0468,0,0.000000,0.000000
0469,158,158.000000,0.000000
0470,451,450.999939,0.000061
0471,264,264.000000,0.000000
0472,657,657.000000,0.000000
0473,0,0.000000,0.000000
0474,164,164.000000,0.000000
0475,68,68.000000,0.000000
0476,0,0.000000,0.000000
0477,253,253.000015,0.000015
0478,0,0.000000,0.000000
0479,922,922.000000,0.000000
0480,9026,9026.000000,0.000000
0481,241,241.000000,0.000000
0482,3081,3080.999512,0.000488
0483,498,498.000000,0.000000
0484,8,8.000000,0.000000
0485,462,462.000000,0.000000
0486,1677,1677.000000,0.000000
0487,94,94.000000,0.000000
0488,662,662.000000,0.000000
0489,0,0.000000,0.000000
0490,262,262.000000,0.000000
0491,166,166.000000,0.000000
0492,466,466.000000,0.000000
0493,637,637.000000,0.000000
0494,140,140.000000,0.000000
0495,377,377.000000,0.000000
0496,286,285.999939,0.000061
0497,159,159.000000,0.000000
0498,186,186.000000,0.000000
0499,346,346.000000,0.000000
0500,329,329.000000,0.000000
0501,116,116.000000,0.000000
0502,59,58.999996,0.000004
0503,56,56.000000,0.000000
0504,218,218.000000,0.000000
0505,19,19.000000,0.000000
0506,356,356.000000,0.000000
0507,198,198.000000,0.000000
0508,360,360.000000,0.000000
0509,21,21.000000,0.000000
0510,442,442.000000,0.000000
0511,264,264.000000,0.000000
0512,143,143.000000,0.000000
0513,185,185.000000,0.000000
0514,165,165.000000,0.000000
0515,107,107.000000,0.000000
0516,240,240.000000,0.000000
0517,462,462.000000,0.000000
0518,959,959.000000,0.000000
0519,0,0.000000,0.000000
0520,123,123.000000,0.000000
0521,89,89.000000,0.000000
0522,444,444.000031,0.000031
0523,317,317.000000,0.000000
0524,0,0.000000,0.000000
0525,346,346.000000,0.000000
0526,320,320.000000,0.000000
0527,0,0.000000,0.000000
0528,10,10.000000,0.000000
0529,21,20.999998,0.000002
0530,85,84.999992,0.000008
0531,76,76.000015,0.000015
0532,0,0.000000,0.000000
0533,1370,1369.999878,0.000122
0534,776,776.000000,0.000000
0535,64,64.000000,0.000000
0536,62,62.000000,0.000000
0537,0,0.000000,0.000000
0538,69,69.000000,0.000000
0539,527,527.000000,0.000000
0540,207,207.000000,0.000000
0541,565,565.000000,0.000000
0542,216,216.000000,0.000000
0543,165,165.000000,0.000000
0544,252,252.000000,0.000000
0545,248,248.000000,0.000000
0546,70,69.999992,0.000008
0547,527,527.000000,0.000000
0548,61,61.000000,0.000000
0549,13,13.000000,0.000000
0550,283,282.999969,0.000031
0551,547,547.000061,0.000061
0552,46,46.000000,0.000000
0553,162,162.000000,0.000000
0554,195,195.000000,0.000000
0555,394,393.999969,0.000031
0556,233,233.000000,0.000000
0557,71,71.000000,0.000000
0558,156,156.000000,0.000000
0559,25,24.999996,0.000004
0560,297,297.000000,0.000000
0561,479,479.000000,0.000000
0562,5,5.000000,0.000000
0563,0,0.000000,0.000000
0564,533,533.000000,0.000000
0565,19,19.000000,0.000000
0566,480,480.000000,0.000000
0567,147,147.000000,0.000000
0568,49,49.000000,0.000000
0569,60,60.000000,0.000000
0570,204,204.000000,0.000000
0571,15,15.000000,0.000000
0572,52,52.000000,0.000000
0573,63,63.000004,0.000004
0574,336,336.000000,0.000000
0575,161,161.000000,0.000000
0576,32,32.000000,0.000000
0577,8351,8351.000000,0.000000
0578,122,122.000000,0.000000
0579,124,124.000000,0.000000
0580,383,383.000000,0.000000
0581,83,83.000000,0.000000
0582,0,0.000000,0.000000
0583,0,0.000000,0.000000
0584,114,114.000000,0.000000
0585,40,40.000000,0.000000
0586,248,247.999985,0.000015
0587,33,33.000000,0.000000
0588,5055,5055.000000,0.000000
0589,67,67.000000,0.000000
0590,131,131.000000,0.000000
0591,13546,13546.000000,0.000000
0592,28,28.000000,0.000000
0593,132,132.000000,0.000000
0594,161,161.000031,0.000031
0595,25,25.000000,0.000000
0596,210,210.000000,0.000000
0597,124,124.000000,0.000000
0598,151,151.000000,0.000000
0599,38,38.000000,0.000000
0600,544,544.000000,0.000000
0601,135,135.000000,0.000000
0602,580,580.000000,0.000000
0603,172,172.000031,0.000031
0604,115,115.000000,0.000000
0605,0,0.000000,0.000000
0606,737,737.000122,0.000122
0607,175,175.000046,0.000046
0608,22,22.000000,0.000000
0609,15,15.000002,0.000002
0610,498,498.000000,0.000000
0611,309,309.000000,0.000000
0612,149,149.000000,0.000000
0613,430,430.000061,0.000061
0614,143,143.000000,0.000000
0615,22,22.000000,0.000000
0616,147,147.000000,0.000000
0617,569,569.000000,0.000000
0618,450,450.000000,0.000000
0619,21,21.000000,0.000000
0620,111,111.000000,0.000000
0621,78,78.000000,0.000000
0622,97,97.000000,0.000000
0623,140,140.000000,0.000000
0624,187,187.000000,0.000000
0625,10,10.000000,0.000000
0626,32,32.000000,0.000000
0627,111,111.000000,0.000000
0628,132,132.000000,0.000000
0629,0,0.000000,0.000000
0630,175,175.000000,0.000000
0631,1318,1318.000000,0.000000
0632,18,18.000000,0.000000
0633,8,8.000000,0.000000
0634,1314,1313.999878,0.000122
0635,393,392.999969,0.000031
0636,281,281.000000,0.000000
0637,50,50.000000,0.000000
0638,1129,1129.000000,0.000000
0639,466,466.000000,0.000000
0640,110,110.000015,0.000015
0641,349,349.000000,0.000000
0642,134,134.000000,0.000000
0643,287,287.000000,0.000000
0644,649,649.000000,0.000000
0645,332,332.000000,0.000000
0646,270,270.000000,0.000000
0647,976,976.000000,0.000000
0648,504,504.000000,0.000000
0649,300,300.000000,0.000000
0650,381,381.000000,0.000000
0651,244,244.000000,0.000000
0652,15426,15426.000000,0.000000
0653,3231,3231.000000,0.000000
0654,25,24.999998,0.000002
0655,115,115.000015,0.000015
0656,176,176.000000,0.000000
0657,1014,1014.000244,0.000244
0658,1758,1758.000000,0.000000
0659,108,108.000015,0.000015
0660,878,878.000000,0.000000
0661,22,22.000000,0.000000
0662,332,331.999969,0.000031
0663,61,61.000000,0.000000
0664,3,3.000000,0.000000
0665,2079,2078.999756,0.000244
0666,550,550.000000,0.000000
0667,156,156.000000,0.000000
0668,39,39.000000,0.000000
0669,44,44.000000,0.000000
0670,0,0.000000,0.000000
0671,1593,1593.000000,0.000000
0672,109,109.000000,0.000000
0673,0,0.000000,0.000000
0674,47,47.000000,0.000000
0675,468,468.000000,0.000000
0676,388,388.000000,0.000000
0677,335,335.000000,0.000000
0678,10,10.000001,0.000001
0679,3601,3601.000000,0.000000
0680,39,39.000000,0.000000
0681,0,0.000000,0.000000
0682,570,570.000000,0.000000
0683,127,126.999985,0.000015
0684,25,25.000006,0.000006
0685,376,376.000000,0.000000
0686,171,171.000000,0.000000
0687,223,223.000000,0.000000
0688,0,0.000000,0.000000
0689,126,125.999977,0.000023
0690,764,764.000000,0.000000
0691,1131,1130.999878,0.000122
0692,120,120.000000,0.000000
0693,0,0.000000,0.000000
0694,121,121.000000,0.000000
0695,0,0.000000,0.000000
0696,471,471.000000,0.000000
0697,779,779.000000,0.000000
0698,3844,3844.000000,0.000000
0699,13,13.000000,0.000000
0700,119,119.000000,0.000000
0701,393,393.000000,0.000000
0702,337,337.000000,0.000000
0703,0,0.000000,0.000000
0704,59,59.000000,0.000000
0705,133,133.000000,0.000000
0706,368,368.000000,0.000000
0707,913,912.999878,0.000122
0708,393,393.000031,0.000031
0709,317,317.000000,0.000000
0710,62,62.000000,0.000000
0711,26,26.000000,0.000000
0712,642,642.000000,0.000000
0713,30,30.000000,0.000000
0714,849,849.000122,0.000122
0715,107,107.000000,0.000000
0716,832,832.000061,0.000061
0717,68,68.000000,0.000000
0718,260,260.000000,0.000000
0719,71,71.000000,0.000000
0720,106,106.000000,0.000000
0721,39,39.000000,0.000000
0722,305,305.000000,0.000000
0723,591,590.999878,0.000122
0724,0,0.000000,0.000000
0725,258,258.000000,0.000000
0726,654,654.000000,0.000000
0727,77,77.000000,0.000000
0728,127,127.000000,0.000000
0729,692,692.000000,0.000000
0730,317,317.000000,0.000000
0731,32,32.000000,0.000000
0732,142,142.000000,0.000000
0733,292,292.000000,0.000000
0734,2817,2817.000000,0.000000
0735,429,428.999969,0.000031
0736,33,33.000000,0.000000
0737,302,302.000000,0.000000
0738,253,253.000031,0.000031
0739,526,526.000000,0.000000
0740,413,413.000000,0.000000
0741,60,60.000000,0.000000
0742,100,100.000000,0.000000
0743,290,290.000000,0.000000
0744,343,343.000000,0.000000
0745,38,38.000004,0.000004
0746,101,101.000000,0.000000
0747,437,437.000000,0.000000
0748,0,0.000000,0.000000
0749,95,95.000000,0.000000
0750,1542,1542.000000,0.000000
0751,48,48.000000,0.000000
0752,108,107.999992,0.000008
0753,53,53.000000,0.000000
0754,2276,2276.000000,0.000000
0755,216,216.000000,0.000000
0756,106,106.000000,0.000000
0757,269,269.000000,0.000000
0758,72,72.000000,0.000000
0759,194,194.000000,0.000000
0760,458,458.000000,0.000000
0761,102,102.000000,0.000000
0762,584,584.000000,0.000000
0763,129,129.000000,0.000000
0764,388,388.000000,0.000000
0765,109,109.000000,0.000000
0766,2838,2838.000000,0.000000
0767,229,229.000000,0.000000
0768,789,789.000000,0.000000
0769,129,129.000000,0.000000
0770,64,64.000000,0.000000
0771,109,108.999992,0.000008
0772,226,226.000000,0.000000
0773,132,132.000000,0.000000
0774,104,104.000000,0.000000
0775,168,168.000015,0.000015
0776,52,52.000000,0.000000
0777,21,21.000002,0.000002
0778,250,250.000015,0.000015
0779,134,134.000000,0.000000
0780,189,189.000000,0.000000
0781,339,339.000000,0.000000
0782,145,145.000000,0.000000
0783,148,148.000031,0.000031
0784,866,866.000000,0.000000
0785,305,305.000000,0.000000
0786,41,41.000000,0.000000
0787,1147,1147.000000,0.000000
0788,131,131.000000,0.000000
0789,115,115.000000,0.000000
0790,16,16.000000,0.000000
0791,44,44.000000,0.000000
0792,178,178.000000,0.000000
0793,338,338.000000,0.000000
0794,150,150.000000,0.000000
0795,20,20.000000,0.000000
0796,187,186.999985,0.000015
0797,0,0.000000,0.000000
0798,93,92.999985,0.000015
0799,205,205.000000,0.000000
0800,57,57.000000,0.000000
0801,31,31.000000,0.000000
0802,245,245.000000,0.000000
0803,24,24.000000,0.000000
0804,33,33.000000,0.000000
0805,779,779.000000,0.000000
0806,39,39.000000,0.000000
0807,0,0.000000,0.000000
0808,72,72.000008,0.000008
0809,313,313.000000,0.000000
0810,145,145.000000,0.000000
0811,43,43.000004,0.000004
0812,768,768.000000,0.000000
0813,59,59.000000,0.000000
0814,173,173.000000,0.000000
0815,694,694.000000,0.000000
0816,1463,1463.000000,0.000000
0817,147,147.000000,0.000000
0818,108,107.999985,0.000015
0819,281,280.999969,0.000031
0820,0,0.000000,0.000000
0821,43,43.000004,0.000004
0822,823,823.000122,0.000122
0823,127,127.000000,0.000000
0824,141,141.000000,0.000000
0825,135,135.000000,0.000000
0826,224,224.000000,0.000000
0827,721,721.000000,0.000000
0828,483,483.000000,0.000000
0829,210,210.000000,0.000000
0830,113,113.000000,0.000000
0831,518,518.000000,0.000000
0832,16,16.000000,0.000000
0833,303,303.000000,0.000000
0834,169,169.000000,0.000000
0835,128,128.000000,0.000000
0836,473,472.999969,0.000031
0837,917,917.000000,0.000000
0838,13,13.000000,0.000000
0839,144,144.000000,0.000000
0840,410,409.999969,0.000031
0841,149,149.000000,0.000000
0842,1193,1193.000000,0.000000
0843,262,262.000031,0.000031
0844,117,117.000000,0.000000
0845,88,88.000000,0.000000
0846,142,142.000000,0.000000
0847,211,211.000000,0.000000
0848,246,246.000000,0.000000
0849,198,197.999969,0.000031
0850,256,256.000000,0.000000
0851,47,47.000000,0.000000
0852,84,84.000000,0.000000
0853,195,195.000000,0.000000
0854,84,84.000008,0.000008
0855,350,350.000000,0.000000
0856,0,0.000000,0.000000
0857,223,223.000000,0.000000
0858,0,0.000000,0.000000
0859,645,645.000000,0.000000
0860,303,303.000031,0.000031
0861,0,0.000000,0.000000
0862,18,18.000000,0.000000
0863,103,103.000000,0.000000
0864,896,896.000000,0.000000
0865,103,103.000000,0.000000
0866,0,0.000000,0.000000
0867,78,78.000000,0.000000
0868,189,189.000000,0.000000
0869,36,36.000000,0.000000
0870,152,152.000015,0.000015
0871,43,43.000000,0.000000
0872,36,36.000000,0.000000
0873,62,62.000008,0.000008
0874,298,298.000000,0.000000
0875,507,507.000031,0.000031
0876,107,106.999985,0.000015
0877,1975,1975.000000,0.000000
0878,61,60.999996,0.000004
0879,130,130.000000,0.000000
0880,26,26.000000,0.000000
0881,111,111.000000,0.000000
0882,308,308.000000,0.000000
0883,98,98.000008,0.000008
0884,1025,1025.000000,0.000000
0885,186,186.000000,0.000000
0886,98,98.000000,0.000000
0887,25,25.000000,0.000000
0888,53,53.000000,0.000000
0889,1,1.000000,0.000000
0890,337,336.999939,0.000061
0891,0,0.000000,0.000000
0892,223,223.000000,0.000000
0893,105,105.000000,0.000000
0894,47,47.000000,0.000000
0895,414,414.000000,0.000000
0896,9,9.000000,0.000000
0897,35,35.000000,0.000000
0898,936,936.000000,0.000000
0899,40,40.000000,0.000000
0900,79,79.000000,0.000000
0901,0,0.000000,0.000000
0902,148,148.000000,0.000000
0903,490,490.000000,0.000000
0904,112,111.999992,0.000008
0905,264,264.000000,0.000000
0906,305,305.000000,0.000000
0907,150,150.000000,0.000000
0908,32,32.000000,0.000000
0909,195,195.000000,0.000000
0910,100,100.000000,0.000000
0911,655,655.000000,0.000000
0912,93,93.000000,0.000000
0913,1163,1163.000000,0.000000
0914,8966,8966.000000,0.000000
0915,1329,1329.000000,0.000000
0916,2052,2052.000000,0.000000
0917,979,979.000000,0.000000
0918,65,65.000000,0.000000
0919,442,442.000000,0.000000
0920,63,63.000008,0.000008
0921,0,0.000000,0.000000
0922,187,187.000000,0.000000
0923,27,27.000000,0.000000
0924,817,816.999939,0.000061
0925,214,214.000000,0.000000
0926,50,50.000000,0.000000
0927,272,272.000000,0.000000
0928,300,300.000000,0.000000
0929,1683,1683.000000,0.000000
0930,243,243.000031,0.000031
0931,23,23.000000,0.000000
0932,0,0.000000,0.000000
0933,29,29.000000,0.000000
0934,65,65.000000,0.000000
0935,24,24.000000,0.000000
0936,165,165.000000,0.000000
0937,244,244.000000,0.000000
0938,109,109.000000,0.000000
0939,41,41.000000,0.000000
0940,81,81.000000,0.000000
0941,367,367.000000,0.000000
0942,4,4.000000,0.000000
0943,250,249.999969,0.000031
0944,2909,2909.000000,0.000000
0945,258,258.000000,0.000000
0946,0,0.000000,0.000000
0947,129,129.000015,0.000015
0948,26,26.000000,0.000000
0949,99,99.000000,0.000000
0950,286,286.000000,0.000000
0951,410,410.000000,0.000000
0952,46,46.000000,0.000000
0953,92,92.000000,0.000000
0954,141,141.000000,0.000000
0955,113,113.000000,0.000000
0956,474,474.000000,0.000000
0957,453,452.999939,0.000061
0958,343,343.000000,0.000000
0959,99,99.000000,0.000000
0960,0,0.000000,0.000000
0961,0,0.000000,0.000000
0962,138,138.000015,0.000015
0963,39,38.999996,0.000004
0964,29,28.999996,0.000004
0965,0,0.000000,0.000000
0966,128,128.000000,0.000000
0967,508,508.000000,0.000000
0968,230,230.000000,0.000000
0969,21,21.000000,0.000000
0970,215,214.999969,0.000031
0971,359,359.000000,0.000000
0972,127,127.000000,0.000000
0973,2462,2462.000000,0.000000
0974,77,77.000000,0.000000
0975,133,133.000000,0.000000
0976,62,62.000000,0.000000
0977,69,68.999992,0.000008
0978,115,115.000000,0.000000
0979,171,171.000000,0.000000
0980,43,43.000000,0.000000
0981,71,71.000000,0.000000
0982,0,0.000000,0.000000
0983,60,60.000000,0.000000
0984,391,391.000000,0.000000
0985,171,171.000000,0.000000
0986,31,31.000000,0.000000
0987,200,200.000000,0.000000
0988,380,380.000000,0.000000
0989,75,75.000000,0.000000
0990,323,323.000000,0.000000
0991,27,27.000000,0.000000
0992,3,3.000000,0.000000
0993,187,186.999985,0.000015
0994,372,372.000061,0.000061
0995,56,56.000000,0.000000
0996,30,30.000004,0.000004
0997,306,306.000000,0.000000
0998,418,418.000092,0.000092
0999,104,103.999992,0.000008
1000,54,54.000000,0.000000
1001,174,174.000000,0.000000
1002,25,25.000000,0.000000
1003,36,36.000000,0.000000
1004,50,50.000004,0.000004
1005,200,200.000000,0.000000
1006,147,147.000000,0.000000
1007,42,42.000000,0.000000
1008,38,38.000000,0.000000
1009,76,76.000000,0.000000
1010,505,505.000000,0.000000
1011,851,851.000000,0.000000
1012,0,0.000000,0.000000
1013,0,0.000000,0.000000
1014,46,46.000004,0.000004
1015,55,55.000000,0.000000
1016,1429,1429.000000,0.000000
1017,283,283.000000,0.000000
1018,1274,1274.000000,0.000000
1019,238,238.000000,0.000000
1020,0,0.000000,0.000000
1021,300,300.000000,0.000000
1022,0,0.000000,0.000000
1023,945,945.000000,0.000000
1024,90,89.999992,0.000008
1025,253,252.999985,0.000015
1026,1755,1755.000000,0.000000
1027,1766,1766.000000,0.000000
1028,23,23.000000,0.000000
1029,69,69.000000,0.000000
1030,998,998.000000,0.000000
1031,50,50.000000,0.000000
1032,115,115.000000,0.000000
1033,2930,2930.000000,0.000000
1034,39,39.000000,0.000000
1035,839,839.000000,0.000000
1036,25,25.000000,0.000000
1037,128,128.000000,0.000000
1038,239,239.000000,0.000000
1039,399,399.000000,0.000000
1040,107,107.000000,0.000000
1041,18,18.000000,0.000000
1042,626,626.000000,0.000000
1043,38,38.000000,0.000000
1044,3349,3349.000000,0.000000
1045,34,34.000000,0.000000
1046,29,28.999996,0.000004
1047,257,257.000000,0.000000
1048,59,59.000000,0.000000
1049,111,111.000000,0.000000
1050,307,307.000000,0.000000
1051,86,86.000000,0.000000
1052,110,110.000000,0.000000
1053,130,130.000000,0.000000
1054,38,38.000000,0.000000
1055,235,234.999969,0.000031
1056,101,101.000000,0.000000
1057,2428,2427.999756,0.000244
1058,25,25.000000,0.000000
1059,180,180.000000,0.000000
1060,80,80.000000,0.000000
1061,226,226.000000,0.000000
1062,60,60.000000,0.000000
1063,481,481.000000,0.000000
1064,821,821.000000,0.000000
1065,58,57.999992,0.000008
1066,235,235.000000,0.000000
1067,0,0.000000,0.000000
1068,569,569.000000,0.000000
1069,193,193.000000,0.000000
1070,251,251.000000,0.000000
1071,379,379.000000,0.000000
1072,0,0.000000,0.000000
1073,92,92.000000,0.000000
1074,102,102.000000,0.000000
1075,777,777.000000,0.000000
1076,262,262.000000,0.000000
1077,55,54.999996,0.000004
1078,238,238.000000,0.000000
1079,213,213.000000,0.000000
1080,570,569.999939,0.000061
1081,98,98.000000,0.000000
1082,27,27.000000,0.000000
1083,47,47.000000,0.000000
1084,216,216.000000,0.000000
1085,164,164.000000,0.000000
1086,718,718.000000,0.000000
1087,130,130.000000,0.000000
1088,41,41.000000,0.000000
1089,31,30.999998,0.000002
1090,294,293.999969,0.000031
1091,167,167.000000,0.000000
1092,753,753.000061,0.000061
1093,36,35.999996,0.000004
1094,637,637.000000,0.000000
1095,94,94.000015,0.000015
1096,859,859.000000,0.000000
1097,23,23.000000,0.000000
1098,0,0.000000,0.000000
1099,481,481.000000,0.000000
1100,643,643.000000,0.000000
1101,125,125.000015,0.000015
1102,100,100.000000,0.000000
1103,23,23.000000,0.000000
1104,844,843.999878,0.000122
1105,0,0.000000,0.000000
1106,1382,1382.000000,0.000000
1107,25,25.000000,0.000000
1108,174,174.000000,0.000000
1109,0,0.000000,0.000000
1110,0,0.000000,0.000000
1111,109,109.000000,0.000000
1112,21,21.000008,0.000008
1113,467,467.000000,0.000000
1114,73,73.000000,0.000000
1115,1440,1440.000000,0.000000
1116,228,228.000000,0.000000
1117,97,97.000000,0.000000
1118,0,0.000000,0.000000
1119,277,277.000000,0.000000
1120,44,44.000000,0.000000
1121,13,13.000000,0.000000
1122,2302,2302.000000,0.000000
1123,43,43.000000,0.000000
1124,307,307.000000,0.000000
1125,44,44.000000,0.000000
1126,336,336.000000,0.000000
1127,259,259.000000,0.000000
1128,39,39.000004,0.000004
1129,288,288.000000,0.000000
1130,231,231.000000,0.000000
1131,401,401.000000,0.000000
1132,261,261.000000,0.000000
1133,1559,1559.000000,0.000000
1134,424,424.000000,0.000000
1135,0,0.000000,0.000000
1136,28,28.000000,0.000000
1137,148,148.000000,0.000000
1138,160,160.000000,0.000000
1139,208,208.000000,0.000000
1140,87,86.999992,0.000008
1141,287,287.000000,0.000000
1142,196,196.000000,0.000000
1143,33,33.000000,0.000000
1144,112,111.999985,0.000015
1145,0,0.000000,0.000000
1146,184,184.000000,0.000000
1147,85,85.000000,0.000000
1148,81,81.000000,0.000000
1149,1078,1078.000000,0.000000
1150,238,238.000000,0.000000
1151,0,0.000000,0.000000
1152,786,786.000000,0.000000
1153,4040,4040.000488,0.000488
1154,386,386.000000,0.000000
1155,17,17.000000,0.000000
1156,901,901.000000,0.000000
1157,62,62.000000,0.000000
1158,3592,3592.000000,0.000000
1159,31,31.000000,0.000000
1160,138,138.000000,0.000000
1161,820,820.000000,0.000000
1162,0,0.000000,0.000000
1163,105,105.000000,0.000000
1164,158,158.000000,0.000000
1165,60,59.999996,0.000004
1166,513,513.000000,0.000000
1167,182,182.000000,0.000000
1168,117,116.999992,0.000008
1169,133,133.000000,0.000000
1170,152,152.000000,0.000000
1171,376,376.000000,0.000000
1172,26,26.000000,0.000000
1173,332,332.000000,0.000000
1174,167,167.000000,0.000000
1175,239,239.000000,0.000000
1176,241,241.000000,0.000000
1177,0,0.000000,0.000000
1178,9,9.000000,0.000000
1179,110,110.000000,0.000000
1180,110,110.000015,0.000015
1181,24,24.000000,0.000000
1182,120,120.000000,0.000000
1183,2236,2236.000000,0.000000
1184,246,246.000000,0.000000
1185,55,55.000000,0.000000
1186,187,187.000015,0.000015
1187,466,466.000000,0.000000
1188,75,75.000000,0.000000
1189,74,74.000000,0.000000
1190,472,472.000000,0.000000
1191,22,22.000000,0.000000
1192,60,60.000000,0.000000
1193,572,572.000000,0.000000
1194,22,22.000000,0.000000
1195,73,73.000000,0.000000
1196,172,172.000000,0.000000
1197,98,98.000015,0.000015
1198,180,180.000000,0.000000
1199,129,129.000000,0.000000
1200,385,385.000031,0.000031
1201,508,508.000000,0.000000
1202,92,92.000000,0.000000
1203,83,83.000008,0.000008
1204,54,54.000000,0.000000
1205,58,58.000000,0.000000
1206,309,309.000000,0.000000
1207,1847,1847.000000,0.000000
1208,305,304.999969,0.000031
1209,424,424.000000,0.000000
1210,370,369.999969,0.000031
1211,19,19.000000,0.000000
1212,71,71.000000,0.000000
1213,25,25.000000,0.000000
1214,1055,1055.000000,0.000000
1215,277,277.000031,0.000031
1216,197,197.000000,0.000000
1217,201,201.000000,0.000000
1218,186,186.000000,0.000000
1219,236,236.000000,0.000000
1220,226,226.000000,0.000000
1221,399,399.000000,0.000000
1222,27,27.000000,0.000000
1223,256,256.000031,0.000031
1224,480,480.000000,0.000000
1225,0,0.000000,0.000000
1226,28,27.999996,0.000004
1227,29,29.000000,0.000000
1228,1335,1335.000000,0.000000
1229,262,262.000000,0.000000
1230,218,218.000000,0.000000
1231,71,71.000000,0.000000
1232,138,138.000000,0.000000
1233,176,176.000000,0.000000
1234,81,81.000000,0.000000
1235,546,546.000000,0.000000
1236,9,9.000000,0.000000
1237,14,14.000000,0.000000
1238,174,174.000000,0.000000
1239,50,50.000000,0.000000
1240,104,103.999992,0.000008
1241,0,0.000000,0.000000
1242,0,0.000000,0.000000
1243,56,56.000000,0.000000
1244,30,30.000000,0.000000
1245,527,527.000000,0.000000
1246,271,271.000031,0.000031
1247,297,297.000000,0.000000
1248,290,290.000000,0.000000
1249,420,420.000000,0.000000
1250,1316,1316.000000,0.000000
1251,170,170.000000,0.000000
1252,27,27.000000,0.000000
1253,87,87.000000,0.000000
1254,0,0.000000,0.000000
1255,0,0.000000,0.000000
1256,39,39.000000,0.000000
1257,472,472.000000,0.000000
1258,866,866.000000,0.000000
1259,790,790.000000,0.000000
1260,719,719.000000,0.000000
1261,188,188.000031,0.000031
1262,219,219.000000,0.000000
1263,435,435.000000,0.000000
1264,2445,2444.999756,0.000244
1265,624,624.000000,0.000000
1266,381,380.999969,0.000031
1267,95,95.000000,0.000000
1268,261,261.000000,0.000000
1269,587,587.000000,0.000000
1270,104,104.000000,0.000000
1271,401,401.000000,0.000000
1272,174,174.000000,0.000000
1273,66,66.000000,0.000000
1274,341,341.000000,0.000000
1275,2051,2051.000000,0.000000
1276,812,812.000000,0.000000
1277,192,191.999985,0.000015
1278,0,0.000000,0.000000
1279,228,228.000000,0.000000
1280,401,401.000000,0.000000
1281,27,27.000000,0.000000
1282,493,493.000000,0.000000
1283,208,208.000000,0.000000
1284,529,529.000000,0.000000
1285,26,26.000000,0.000000
1286,815,815.000000,0.000000
1287,62,62.000000,0.000000
1288,875,875.000000,0.000000
1289,34,34.000000,0.000000
1290,87,87.000000,0.000000
1291,198,198.000000,0.000000
1292,236,235.999985,0.000015
1293,82,82.000000,0.000000
1294,156,156.000000,0.000000
1295,97,97.000000,0.000000
1296,38,38.000004,0.000004
1297,337,337.000000,0.000000
1298,496,496.000000,0.000000
1299,153,153.000000,0.000000
1300,856,856.000000,0.000000
1301,526,526.000000,0.000000
1302,162,162.000000,0.000000
1303,118,118.000000,0.000000
1304,263,263.000000,0.000000
1305,117,116.999992,0.000008
1306,345,344.999969,0.000031
1307,71,71.000000,0.000000
1308,625,625.000000,0.000000
1309,39,39.000004,0.000004
1310,232,232.000000,0.000000
1311,92,92.000000,0.000000
1312,205,205.000000,0.000000
1313,301,301.000000,0.000000
1314,66,66.000000,0.000000
1315,682,682.000000,0.000000
1316,113,113.000000,0.000000
1317,174,174.000000,0.000000
1318,414,414.000000,0.000000
1319,1033,1033.000000,0.000000
1320,379,379.000000,0.000000
1321,124,123.999992,0.000008
1322,502,501.999939,0.000061
1323,25,25.000002,0.000002
1324,737,737.000000,0.000000
1325,214,214.000000,0.000000
1326,206,206.000000,0.000000
1327,1298,1298.000000,0.000000
1328,767,767.000000,0.000000
1329,165,165.000000,0.000000
1330,620,620.000000,0.000000
1331,117,116.999985,0.000015
1332,16,16.000000,0.000000
1333,1256,1256.000000,0.000000
1334,23,23.000000,0.000000
1335,641,641.000000,0.000000
1336,0,0.000000,0.000000
1337,37,37.000000,0.000000
1338,511,511.000000,0.000000
1339,25,24.999998,0.000002
1340,444,444.000092,0.000092
1341,1944,1944.000000,0.000000
1342,104,104.000000,0.000000
1343,430,430.000000,0.000000
1344,11,11.000000,0.000000
1345,134,134.000015,0.000015
1346,106,106.000000,0.000000
1347,241,241.000000,0.000000
1348,138,138.000000,0.000000
1349,131,131.000000,0.000000
1350,116,115.999992,0.000008
1351,50,50.000000,0.000000
1352,139,139.000000,0.000000
1353,18,18.000000,0.000000
1354,27,27.000000,0.000000
1355,208,208.000000,0.000000
1356,241,240.999969,0.000031
1357,64,64.000008,0.000008
1358,194,194.000000,0.000000
1359,80,80.000000,0.000000
1360,1308,1308.000000,0.000000
1361,28,27.999998,0.000002
1362,379,379.000000,0.000000
1363,441,440.999939,0.000061
1364,46,46.000000,0.000000
1365,1103,1103.000000,0.000000
1366,1156,1156.000000,0.000000
1367,201,201.000000,0.000000
1368,2825,2825.000000,0.000000
1369,803,802.999939,0.000061
1370,489,489.000000,0.000000
1371,120,120.000000,0.000000
1372,398,398.000000,0.000000
1373,244,244.000015,0.000015
1374,2074,2074.000000,0.000000
1375,71,71.000000,0.000000
1376,31,31.000000,0.000000
1377,105,105.000000,0.000000
1378,160,160.000000,0.000000
1379,594,594.000000,0.000000
1380,411,411.000000,0.000000
1381,79,79.000008,0.000008
1382,301,300.999939,0.000061
1383,437,437.000000,0.000000
1384,6053,6053.000488,0.000488
1385,27,27.000000,0.000000
1386,0,0.000000,0.000000
1387,26,26.000000,0.000000
1388,48,48.000000,0.000000
1389,303,303.000000,0.000000
1390,98,97.999992,0.000008
1391,266,266.000000,0.000000
1392,27,27.000000,0.000000
1393,310,310.000000,0.000000
1394,352,352.000000,0.000000
1395,37,37.000000,0.000000
1396,540,540.000000,0.000000
1397,858,858.000000,0.000000
1398,281,281.000000,0.000000
1399,134,134.000000,0.000000
1400,499,499.000000,0.000000
1401,0,0.000000,0.000000
1402,1003,1003.000000,0.000000
1403,0,0.000000,0.000000
1404,8,8.000000,0.000000
1405,2036,2036.000000,0.000000
1406,275,275.000000,0.000000
1407,20,20.000000,0.000000
1408,351,351.000000,0.000000
1409,569,569.000000,0.000000
1410,127,127.000000,0.000000
1411,507,507.000031,0.000031
1412,240,240.000000,0.000000
1413,36,36.000000,0.000000
1414,1328,1327.999878,0.000122
1415,147,147.000000,0.000000
1416,10,10.000000,0.000000
1417,93,93.000000,0.000000
1418,173,173.000000,0.000000
1419,0,0.000000,0.000000
1420,129,129.000000,0.000000
1421,789,789.000000,0.000000
1422,41,41.000000,0.000000
1423,0,0.000000,0.000000
1424,2,2.000000,0.000000
1425,52,52.000000,0.000000
1426,210,210.000000,0.000000
1427,181,181.000000,0.000000
1428,143,143.000000,0.000000
1429,51,51.000008,0.000008
1430,236,236.000000,0.000000
1431,363,363.000000,0.000000
1432,130,130.000000,0.000000
1433,304,304.000000,0.000000
1434,36,36.000000,0.000000
1435,691,691.000061,0.000061
1436,202,202.000000,0.000000
1437,492,491.999939,0.000061
1438,97,97.000000,0.000000
1439,58,57.999992,0.000008
1440,203,203.000000,0.000000
1441,896,896.000000,0.000000
1442,23,23.000000,0.000000
1443,119,119.000015,0.000015
1444,306,306.000000,0.000000
1445,264,264.000000,0.000000
1446,899,898.999878,0.000122
1447,271,271.000000,0.000000
1448,56,56.000000,0.000000
1449,138,138.000000,0.000000
1450,384,384.000000,0.000000
1451,191,191.000031,0.000031
1452,0,0.000000,0.000000
1453,117,117.000008,0.000008
1454,499,498.999969,0.000031
1455,145,145.000000,0.000000
1456,299,299.000000,0.000000
1457,186,186.000000,0.000000
1458,4968,4968.000000,0.000000
1459,40,40.000000,0.000000
1460,39,39.000000,0.000000
1461,118,118.000015,0.000015
1462,167,167.000000,0.000000
1463,113,113.000000,0.000000
1464,70,70.000000,0.000000
1465,181,181.000000,0.000000
1466,358,358.000000,0.000000
1467,153,152.999969,0.000031
1468,27,26.999994,0.000006
1469,397,397.000000,0.000000
1470,174,173.999985,0.000015
1471,208,208.000031,0.000031
1472,86,86.000000,0.000000
1473,209,209.000000,0.000000
1474,6636,6636.000000,0.000000
1475,417,417.000000,0.000000
1476,634,634.000000,0.000000
1477,10,10.000000,0.000000
1478,44,44.000000,0.000000
1479,661,661.000000,0.000000
1480,47,46.999996,0.000004
1481,409,409.000000,0.000000
1482,734,734.000000,0.000000
1483,489,489.000000,0.000000
1484,1764,1764.000000,0.000000
1485,0,0.000000,0.000000
1486,262,262.000000,0.000000
1487,25,25.000000,0.000000
1488,0,0.000000,0.000000
1489,79,79.000000,0.000000
1490,299,299.000000,0.000000
1491,143,143.000000,0.000000
1492,0,0.000000,0.000000
1493,139,139.000000,0.000000
1494,66,66.000000,0.000000
1495,199,199.000000,0.000000
1496,20,20.000000,0.000000
1497,80,80.000000,0.000000
1498,282,282.000000,0.000000
1499,0,0.000000,0.000000
1500,152,152.000000,0.000000
1501,618,618.000000,0.000000
1502,87,87.000000,0.000000
1503,44,44.000000,0.000000
1504,194,194.000000,0.000000
1505,2554,2554.000000,0.000000
1506,0,0.000000,0.000000
1507,1453,1453.000000,0.000000
1508,47,47.000000,0.000000
1509,0,0.000000,0.000000
1510,0,0.000000,0.000000
1511,156,156.000015,0.000015
1512,212,212.000000,0.000000
1513,0,0.000000,0.000000
1514,88,88.000000,0.000000
1515,165,165.000000,0.000000
1516,35,35.000000,0.000000
1517,122,122.000000,0.000000
1518,369,368.999969,0.000031
1519,884,884.000000,0.000000
1520,71,71.000000,0.000000
1521,137,137.000000,0.000000
1522,41,41.000000,0.000000
1523,132,132.000000,0.000000
1524,141,141.000000,0.000000
1525,25,25.000000,0.000000
1526,124,124.000000,0.000000
1527,256,256.000000,0.000000
1528,1036,1036.000000,0.000000
1529,137,137.000000,0.000000
1530,24,24.000000,0.000000
1531,221,221.000000,0.000000
1532,859,859.000000,0.000000
1533,163,162.999985,0.000015
1534,674,674.000000,0.000000
1535,6331,6331.000488,0.000488
1536,170,169.999985,0.000015
1537,127,127.000000,0.000000
1538,141,141.000000,0.000000
1539,89,89.000000,0.000000
1540,1198,1198.000000,0.000000
1541,96,96.000000,0.000000
1542,17,17.000000,0.000000
1543,220,219.999985,0.000015
1544,1024,1024.000000,0.000000
1545,3958,3958.000000,0.000000
1546,134,134.000000,0.000000
1547,10,10.000000,0.000000
1548,42,42.000000,0.000000
1549,83,83.000000,0.000000
1550,857,857.000000,0.000000
1551,49,49.000000,0.000000
1552,106,106.000000,0.000000
1553,272,271.999969,0.000031
1554,18,18.000000,0.000000
1555,238,238.000000,0.000000
1556,141,141.000000,0.000000
1557,3,3.000000,0.000000
1558,2,2.000000,0.000000
1559,5,5.000000,0.000000
1560,874,874.000000,0.000000
1561,224,224.000000,0.000000
1562,57,57.000000,0.000000
1563,142,142.000000,0.000000
1564,61,61.000000,0.000000
1565,401,401.000000,0.000000
1566,470,470.000000,0.000000
1567,485,485.000000,0.000000
1568,49,49.000000,0.000000
1569,215,215.000000,0.000000
1570,242,242.000000,0.000000
1571,3652,3652.000000,0.000000
1572,321,321.000000,0.000000
1573,232,232.000000,0.000000
1574,38,37.999992,0.000008
1575,20,20.000000,0.000000
1576,13,13.000000,0.000000
1577,184,184.000000,0.000000
1578,16,16.000000,0.000000
1579,648,648.000000,0.000000
1580,628,628.000000,0.000000
1581,41,41.000004,0.000004
1582,3793,3793.000488,0.000488
1583,47,47.000000,0.000000
1584,477,477.000000,0.000000
1585,78,78.000000,0.000000
1586,187,187.000000,0.000000
1587,137,137.000000,0.000000
1588,136,136.000000,0.000000
1589,673,673.000000,0.000000
1590,537,537.000000,0.000000
1591,23,22.999998,0.000002
1592,1195,1195.000000,0.000000
1593,648,648.000000,0.000000
1594,0,0.000000,0.000000
1595,442,442.000000,0.000000
1596,4105,4105.000000,0.000000
1597,24,24.000000,0.000000
1598,22,22.000000,0.000000
1599,43,43.000004,0.000004
1600,0,0.000000,0.000000
1601,143,143.000000,0.000000
1602,0,0.000000,0.000000
1603,54,54.000000,0.000000
1604,701,701.000000,0.000000
1605,2340,2340.000000,0.000000
1606,882,882.000000,0.000000
1607,33,33.000000,0.000000
1608,124,124.000000,0.000000
1609,150,150.000000,0.000000
1610,214,214.000000,0.000000
1611,0,0.000000,0.000000
1612,845,845.000000,0.000000
1613,147,147.000000,0.000000
1614,129,129.000000,0.000000
1615,125,125.000000,0.000000
1616,181,181.000000,0.000000
1617,90,90.000000,0.000000
1618,0,0.000000,0.000000
1619,325,325.000000,0.000000
1620,378,378.000000,0.000000
1621,1200,1200.000000,0.000000
1622,77,77.000000,0.000000
1623,57,57.000000,0.000000
1624,53,53.000004,0.000004
1625,990,990.000122,0.000122
1626,1268,1268.000000,0.000000
1627,0,0.000000,0.000000
1628,54,53.999992,0.000008
1629,11843,11843.000000,0.000000
1630,867,867.000122,0.000122
1631,345,345.000000,0.000000
1632,388,388.000000,0.000000
1633,1508,1508.000000,0.000000
1634,197,197.000000,0.000000
1635,0,0.000000,0.000000
1636,23,23.000000,0.000000
1637,302,302.000000,0.000000
1638,30,30.000000,0.000000
1639,189,189.000000,0.000000
1640,704,704.000000,0.000000
1641,36,36.000000,0.000000
1642,300,300.000000,0.000000
1643,11,11.000000,0.000000
1644,203,203.000000,0.000000
1645,278,278.000000,0.000000
1646,1004,1004.000000,0.000000
1647,426,426.000000,0.000000
1648,0,0.000000,0.000000
1649,48,48.000000,0.000000
1650,350,350.000000,0.000000
1651,77,77.000015,0.000015
1652,122,122.000015,0.000015
1653,20,20.000000,0.000000
1654,94,94.000000,0.000000
1655,575,575.000000,0.000000
1656,375,375.000000,0.000000
1657,388,388.000000,0.000000
1658,31,31.000000,0.000000
1659,79,79.000000,0.000000
1660,63,63.000000,0.000000
1661,3201,3201.000000,0.000000
1662,778,778.000061,0.000061
1663,4308,4308.000000,0.000000
1664,6,6.000000,0.000000
1665,1018,1018.000000,0.000000
1666,130,130.000000,0.000000
1667,754,754.000000,0.000000
1668,6218,6218.000000,0.000000
1669,107,107.000000,0.000000
1670,0,0.000000,0.000000
1671,631,631.000000,0.000000
1672,12,12.000000,0.000000
1673,825,824.999939,0.000061
1674,264,264.000000,0.000000
1675,94,94.000000,0.000000
1676,3405,3405.000488,0.000488
1677,65,65.000000,0.000000
1678,454,454.000000,0.000000
1679,320,320.000000,0.000000
1680,39,39.000000,0.000000
1681,34,34.000000,0.000000
1682,525,525.000000,0.000000
1683,125,125.000000,0.000000
1684,103,103.000008,0.000008
1685,1552,1551.999756,0.000244
1686,85,85.000000,0.000000
1687,387,387.000000,0.000000
1688,130,130.000000,0.000000
1689,77,77.000000,0.000000
1690,312,312.000061,0.000061
1691,95,95.000000,0.000000
1692,46,46.000004,0.000004
1693,0,0.000000,0.000000
1694,886,886.000122,0.000122
1695,65,65.000000,0.000000
1696,0,0.000000,0.000000
1697,151,151.000000,0.000000
1698,85,85.000000,0.000000
1699,112,112.000008,0.000008
1700,1261,1261.000000,0.000000
1701,271,271.000000,0.000000
1702,149,148.999985,0.000015
1703,1210,1210.000000,0.000000
1704,0,0.000000,0.000000
1705,119,119.000000,0.000000
1706,541,541.000000,0.000000
1707,454,453.999939,0.000061
1708,40,40.000000,0.000000
1709,125,125.000008,0.000008
1710,152,152.000000,0.000000
1711,750,750.000000,0.000000
1712,128,128.000000,0.000000
1713,260,260.000031,0.000031
1714,341,340.999939,0.000061
1715,44,44.000000,0.000000
1716,913,913.000000,0.000000
1717,487,487.000000,0.000000
1718,8219,8219.000000,0.000000
1719,220,220.000000,0.000000
1720,46,46.000000,0.000000
1721,108,107.999985,0.000015
1722,484,483.999939,0.000061
1723,3165,3165.000000,0.000000
1724,115,115.000000,0.000000
1725,25,25.000000,0.000000
1726,990,990.000000,0.000000
1727,41,41.000000,0.000000
1728,35,35.000000,0.000000
1729,214,214.000000,0.000000
1730,9,9.000001,0.000001
1731,135,135.000000,0.000000
1732,130,130.000000,0.000000
1733,20,20.000000,0.000000
1734,812,811.999878,0.000122
1735,188,188.000000,0.000000
1736,43,43.000000,0.000000
1737,294,294.000000,0.000000
1738,119,119.000000,0.000000
1739,190,190.000000,0.000000
1740,57,57.000004,0.000004
1741,118,118.000000,0.000000
1742,6,6.000000,0.000000
1743,19,19.000000,0.000000
1744,1466,1466.000244,0.000244
1745,0,0.000000,0.000000
1746,186,186.000000,0.000000
1747,101,101.000000,0.000000
1748,49,49.000000,0.000000
1749,225,224.999969,0.000031
1750,52,52.000000,0.000000
1751,519,519.000000,0.000000
1752,68,68.000000,0.000000
1753,51,51.000000,0.000000
1754,338,338.000000,0.000000
1755,226,226.000000,0.000000
1756,133,133.000000,0.000000
1757,102,102.000000,0.000000
1758,417,417.000000,0.000000
1759,449,449.000000,0.000000
1760,487,487.000000,0.000000
1761,77,77.000000,0.000000
1762,304,304.000000,0.000000
1763,2226,2226.000000,0.000000
1764,387,387.000000,0.000000
1765,38,38.000000,0.000000
1766,33,33.000000,0.000000
1767,42,42.000000,0.000000
1768,60,60.000000,0.000000
1769,178,178.000000,0.000000
1770,426,426.000000,0.000000
1771,272,272.000000,0.000000
1772,630,630.000000,0.000000
1773,42,42.000000,0.000000
1774,623,623.000122,0.000122
1775,149,149.000000,0.000000
1776,186,186.000000,0.000000
1777,205,205.000000,0.000000
1778,54,54.000000,0.000000
1779,1029,1029.000000,0.000000
1780,134,134.000000,0.000000
1781,81,81.000000,0.000000
1782,485,485.000000,0.000000
1783,292,292.000000,0.000000
1784,26,26.000000,0.000000
1785,24,24.000000,0.000000
1786,128,128.000000,0.000000
1787,515,515.000000,0.000000
1788,372,372.000000,0.000000
1789,669,669.000000,0.000000
1790,535,535.000000,0.000000
1791,46,46.000000,0.000000
1792,63,62.999992,0.000008
1793,300,300.000000,0.000000
1794,422,422.000000,0.000000
1795,50,50.000000,0.000000
1796,152,152.000000,0.000000
1797,1431,1431.000000,0.000000
1798,754,754.000000,0.000000
1799,8,8.000000,0.000000
1800,283,283.000000,0.000000
1801,220,220.000000,0.000000
1802,0,0.000000,0.000000
1803,3066,3066.000000,0.000000
1804,305,305.000000,0.000000
1805,346,346.000000,0.000000
1806,195,195.000000,0.000000
1807,118,118.000000,0.000000
1808,566,566.000000,0.000000
1809,131,131.000000,0.000000
1810,0,0.000000,0.000000
1811,238,238.000000,0.000000
1812,772,772.000000,0.000000
1813,168,168.000000,0.000000
1814,630,630.000000,0.000000
1815,11,11.000000,0.000000
1816,1277,1277.000000,0.000000
1817,24,24.000000,0.000000
1818,40,40.000004,0.000004
1819,522,522.000000,0.000000
1820,22,22.000000,0.000000
1821,109,109.000000,0.000000
1822,62,62.000000,0.000000
1823,36,36.000004,0.000004
1824,57,56.999996,0.000004
1825,170,170.000000,0.000000
1826,4,4.000000,0.000000
1827,0,0.000000,0.000000
1828,23,23.000000,0.000000
1829,921,921.000122,0.000122
1830,69,69.000000,0.000000
1831,306,306.000000,0.000000
1832,163,163.000000,0.000000
1833,321,321.000000,0.000000
1834,786,786.000000,0.000000
1835,141,141.000000,0.000000
1836,139,139.000000,0.000000
1837,225,225.000000,0.000000
1838,12036,12036.000000,0.000000
1839,110,109.999992,0.000008
1840,251,251.000000,0.000000
1841,240,240.000000,0.000000
1842,149,149.000000,0.000000
1843,447,447.000000,0.000000
1844,13,13.000000,0.000000
1845,417,417.000000,0.000000
1846,55,54.999996,0.000004
1847,166,166.000000,0.000000
1848,159,159.000000,0.000000
1849,165,165.000000,0.000000
1850,68,68.000000,0.000000
1851,98,98.000000,0.000000
1852,347,347.000000,0.000000
1853,2527,2527.000000,0.000000
1854,726,726.000000,0.000000
1855,101,101.000000,0.000000
1856,268,268.000000,0.000000
1857,700,700.000061,0.000061
1858,328,328.000000,0.000000
1859,15,15.000000,0.000000
1860,8294,8294.000000,0.000000
1861,821,821.000000,0.000000
1862,73,73.000008,0.000008
1863,870,869.999939,0.000061
1864,504,504.000000,0.000000
1865,34,34.000000,0.000000
1866,121,121.000000,0.000000
1867,332,332.000000,0.000000
1868,1089,1089.000000,0.000000
1869,178,177.999969,0.000031
1870,128,128.000000,0.000000
1871,112,112.000000,0.000000
1872,0,0.000000,0.000000
1873,299,299.000000,0.000000
1874,35,35.000000,0.000000
1875,529,529.000000,0.000000
1876,842,842.000000,0.000000
1877,31,31.000000,0.000000
1878,107,107.000015,0.000015
1879,89,88.999992,0.000008
1880,0,0.000000,0.000000
1881,94,94.000000,0.000000
1882,124,124.000000,0.000000
1883,22,22.000000,0.000000
1884,1084,1084.000000,0.000000
1885,3872,3872.000000,0.000000
1886,41,41.000000,0.000000
1887,219,219.000000,0.000000
1888,181,181.000000,0.000000
1889,24,24.000000,0.000000
1890,0,0.000000,0.000000
1891,272,272.000000,0.000000
1892,70,70.000000,0.000000
1893,111,111.000008,0.000008
1894,13,13.000000,0.000000
1895,1389,1389.000000,0.000000
1896,1020,1019.999878,0.000122
1897,54,54.000000,0.000000
1898,402,402.000031,0.000031
1899,249,249.000031,0.000031
1900,301,301.000061,0.000061
1901,13,13.000000,0.000000
1902,171,171.000000,0.000000
1903,61,61.000000,0.000000
1904,294,294.000000,0.000000
1905,618,618.000000,0.000000
1906,283,283.000000,0.000000
1907,546,546.000000,0.000000
1908,1829,1829.000000,0.000000
1909,0,0.000000,0.000000
1910,222,221.999985,0.000015
1911,36,36.000000,0.000000
1912,1350,1350.000000,0.000000
1913,23,23.000000,0.000000
1914,6,6.000000,0.000000
1915,146,146.000000,0.000000
1916,43,43.000000,0.000000
1917,154,154.000000,0.000000
1918,381,381.000000,0.000000
1919,203,203.000000,0.000000
1920,3,3.000000,0.000000
1921,383,383.000061,0.000061
1922,0,0.000000,0.000000
1923,200,199.999985,0.000015
1924,109,109.000000,0.000000
1925,0,0.000000,0.000000
1926,3,3.000000,0.000000
1927,471,471.000000,0.000000
1928,795,795.000000,0.000000
1929,220,220.000000,0.000000
1930,674,673.999939,0.000061
1931,204,204.000031,0.000031
1932,744,744.000000,0.000000
1933,49,49.000000,0.000000
1934,12,11.999999,0.000001
1935,138,138.000000,0.000000
1936,35,35.000000,0.000000
1937,61,60.999996,0.000004
1938,86,86.000000,0.000000
1939,160,160.000000,0.000000
1940,992,992.000061,0.000061
1941,200,200.000000,0.000000
1942,1363,1362.999878,0.000122
1943,310,310.000000,0.000000
1944,287,286.999969,0.000031
1945,182,182.000000,0.000000
1946,333,333.000031,0.000031
1947,108,107.999985,0.000015
1948,141,141.000000,0.000000
1949,143,143.000000,0.000000
1950,33,33.000000,0.000000
1951,2114,2114.000000,0.000000
1952,35,35.000000,0.000000
1953,1165,1165.000000,0.000000
1954,24,24.000000,0.000000
1955,654,654.000000,0.000000
1956,71,71.000000,0.000000
1957,126,125.999985,0.000015
1958,48,48.000000,0.000000
1959,59,59.000000,0.000000
1960,228,228.000000,0.000000
1961,151,151.000000,0.000000
1962,657,657.000000,0.000000
1963,20,20.000000,0.000000
1964,104,104.000000,0.000000
1965,1031,1031.000000,0.000000
1966,306,306.000000,0.000000
1967,0,0.000000,0.000000
1968,61,61.000000,0.000000
1969,0,0.000000,0.000000
1970,1011,1011.000000,0.000000
1971,21,21.000000,0.000000
1972,2404,2404.000244,0.000244
1973,319,318.999969,0.000031
1974,122,122.000023,0.000023
1975,36,36.000000,0.000000
1976,97,97.000015,0.000015
1977,34,34.000000,0.000000
1978,151,151.000000,0.000000
1979,1762,1762.000000,0.000000
1980,60,60.000000,0.000000
1981,292,292.000000,0.000000
1982,82,82.000000,0.000000
1983,21,21.000000,0.000000
1984,23,23.000000,0.000000
1985,177,176.999985,0.000015
1986,189,189.000000,0.000000
1987,530,530.000000,0.000000
1988,2030,2030.000244,0.000244
1989,211,211.000000,0.000000
1990,221,221.000000,0.000000
1991,185,185.000000,0.000000
1992,932,931.999878,0.000122
1993,226,226.000015,0.000015
1994,216,216.000000,0.000000
1995,60,60.000000,0.000000
1996,426,425.999939,0.000061
1997,124,124.000000,0.000000
1998,33,33.000000,0.000000
1999,152,152.000000,0.000000
2000,13843,13843.000000,0.000000
2001,176,176.000000,0.000000
2002,908,908.000000,0.000000
2003,178,178.000000,0.000000
2004,431,431.000000,0.000000
2005,1329,1329.000000,0.000000
2006,187,187.000015,0.000015
2007,316,316.000000,0.000000
2008,643,643.000000,0.000000
2009,1601,1600.999878,0.000122
2010,32,32.000000,0.000000
2011,0,0.000000,0.000000
2012,17,17.000000,0.000000
2013,17,17.000000,0.000000
2014,144,144.000000,0.000000
2015,117,117.000000,0.000000
2016,122,122.000000,0.000000
2017,1459,1459.000000,0.000000
2018,0,0.000000,0.000000
2019,163,163.000000,0.000000
2020,0,0.000000,0.000000
2021,27,27.000000,0.000000
2022,47,47.000000,0.000000
2023,390,390.000000,0.000000
2024,999,998.999878,0.000122
2025,21,21.000000,0.000000
2026,784,784.000061,0.000061
2027,868,867.999878,0.000122
2028,161,161.000000,0.000000
2029,1055,1055.000000,0.000000
2030,380,380.000000,0.000000
2031,4858,4858.000488,0.000488
2032,122,122.000000,0.000000
2033,157,157.000000,0.000000
2034,143,142.999985,0.000015
2035,91,91.000000,0.000000
2036,33,33.000000,0.000000
2037,1346,1346.000000,0.000000
2038,175,175.000000,0.000000
2039,3642,3642.000000,0.000000
2040,84,84.000000,0.000000
2041,106,106.000000,0.000000
2042,246,246.000000,0.000000
2043,133,133.000000,0.000000
2044,148,147.999985,0.000015
2045,523,523.000000,0.000000
2046,0,0.000000,0.000000
2047,944,943.999939,0.000061
2048,276,276.000000,0.000000
2049,155,155.000000,0.000000
2050,0,0.000000,0.000000
2051,58,58.000004,0.000004
2052,284,284.000000,0.000000
2053,221,221.000031,0.000031
2054,145,145.000000,0.000000
2055,56,56.000000,0.000000
2056,114,113.999985,0.000015
2057,830,830.000000,0.000000
2058,0,0.000000,0.000000
2059,341,341.000000,0.000000
2060,242,242.000000,0.000000
2061,71,71.000000,0.000000
2062,136,136.000000,0.000000
2063,178,178.000015,0.000015
2064,413,413.000000,0.000000
2065,5,5.000000,0.000000
2066,47,47.000000,0.000000
2067,61,60.999992,0.000008
2068,0,0.000000,0.000000
2069,184,184.000000,0.000000
2070,411,411.000000,0.000000
2071,62,62.000008,0.000008
2072,435,435.000000,0.000000
2073,277,277.000000,0.000000
2074,262,262.000000,0.000000
2075,197,197.000015,0.000015
2076,177,177.000000,0.000000
2077,446,446.000000,0.000000
2078,582,582.000000,0.000000
2079,306,306.000000,0.000000
2080,92,92.000000,0.000000
2081,12942,12942.000000,0.000000
2082,858,858.000000,0.000000
2083,128,128.000015,0.000015
2084,27,27.000000,0.000000
2085,0,0.000000,0.000000
2086,207,206.999969,0.000031
2087,251,251.000000,0.000000
2088,116,116.000000,0.000000
2089,136,136.000000,0.000000
2090,51,50.999996,0.000004
2091,122,121.999992,0.000008
2092,42,42.000000,0.000000
2093,115,114.999985,0.000015
2094,0,0.000000,0.000000
2095,9,9.000000,0.000000
2096,865,864.999878,0.000122
2097,378,378.000031,0.000031
2098,94,94.000000,0.000000
2099,109,109.000015,0.000015
2100,25,25.000002,0.000002
2101,47,47.000000,0.000000
2102,314,314.000000,0.000000
2103,125,125.000000,0.000000
2104,13,13.000000,0.000000
2105,284,284.000000,0.000000
2106,1929,1929.000000,0.000000
2107,607,607.000000,0.000000
2108,55,55.000000,0.000000
2109,90,89.999992,0.000008
2110,25,25.000004,0.000004
2111,454,454.000000,0.000000
2112,1307,1307.000000,0.000000
2113,612,612.000000,0.000000
2114,173,173.000000,0.000000
2115,87,87.000000,0.000000
2116,314,314.000000,0.000000
2117,319,318.999969,0.000031
2118,112,112.000000,0.000000
2119,145,145.000000,0.000000
2120,70,70.000000,0.000000
2121,0,0.000000,0.000000
2122,7636,7636.000000,0.000000
2123,1015,1015.000122,0.000122
2124,5610,5610.000977,0.000977
2125,1039,1039.000000,0.000000
2126,151,150.999985,0.000015
2127,1198,1198.000000,0.000000
2128,286,286.000000,0.000000
2129,71,71.000000,0.000000
2130,68,68.000000,0.000000
2131,378,378.000000,0.000000
2132,260,260.000000,0.000000
2133,604,604.000000,0.000000
2134,657,657.000000,0.000000
2135,414,414.000000,0.000000
2136,27,27.000000,0.000000
2137,76,76.000000,0.000000
2138,76,76.000008,0.000008
2139,22,22.000000,0.000000
2140,147,147.000000,0.000000
2141,56,56.000000,0.000000
2142,31,31.000000,0.000000
2143,405,405.000000,0.000000
2144,23,22.999998,0.000002
2145,647,647.000000,0.000000
2146,17,17.000000,0.000000
2147,181,181.000000,0.000000
2148,345,345.000000,0.000000
2149,381,381.000000,0.000000
2150,577,577.000000,0.000000
2151,279,279.000000,0.000000
2152,167,167.000000,0.000000
2153,565,565.000000,0.000000
2154,6,6.000000,0.000000
2155,7,7.000000,0.000000
2156,208,208.000000,0.000000
2157,27,27.000000,0.000000
2158,275,275.000000,0.000000
2159,136,136.000000,0.000000
2160,802,801.999939,0.000061
2161,69,69.000000,0.000000
2162,37,36.999996,0.000004
2163,126,126.000023,0.000023
2164,37,37.000004,0.000004
2165,166,166.000000,0.000000
2166,114,114.000000,0.000000
2167,355,355.000000,0.000000
2168,233,233.000031,0.000031
2169,137,137.000000,0.000000
2170,129,129.000000,0.000000
2171,67,67.000000,0.000000
2172,361,361.000000,0.000000
2173,1855,1855.000000,0.000000
2174,6,6.000000,0.000000
2175,1251,1251.000000,0.000000
2176,157,157.000000,0.000000
2177,275,275.000000,0.000000
2178,310,310.000000,0.000000
2179,47,47.000000,0.000000
2180,157,157.000000,0.000000
2181,75,75.000000,0.000000
2182,234,234.000000,0.000000
2183,223,223.000031,0.000031
2184,91,91.000000,0.000000
2185,142,142.000000,0.000000
2186,237,237.000000,0.000000
2187,0,0.000000,0.000000
2188,150,150.000000,0.000000
2189,493,493.000000,0.000000
2190,86,85.999992,0.000008
2191,59,59.000000,0.000000
2192,147,147.000031,0.000031
2193,89,88.999992,0.000008
2194,550,550.000000,0.000000
2195,1315,1315.000000,0.000000
2196,791,791.000000,0.000000
2197,251,250.999954,0.000046
2198,62,62.000000,0.000000
2199,246,245.999985,0.000015
2200,69,69.000000,0.000000
2201,208,208.000000,0.000000
2202,206,206.000000,0.000000
2203,136,136.000000,0.000000
2204,554,554.000000,0.000000
2205,124,124.000008,0.000008
2206,97,97.000000,0.000000
2207,165,165.000000,0.000000
2208,45,45.000000,0.000000
2209,33,33.000000,0.000000
2210,43,43.000000,0.000000
2211,0,0.000000,0.000000
2212,521,521.000000,0.000000
2213,22,22.000000,0.000000
2214,1072,1071.999878,0.000122
2215,73,73.000000,0.000000
2216,482,482.000000,0.000000
2217,350,350.000000,0.000000
2218,83,83.000000,0.000000
2219,532,532.000000,0.000000
2220,711,710.999939,0.000061
2221,214,214.000000,0.000000
2222,2411,2411.000000,0.000000
2223,172,172.000000,0.000000
2224,521,521.000000,0.000000
2225,25,24.999996,0.000004
2226,0,0.000000,0.000000
2227,49,49.000000,0.000000
2228,99,99.000015,0.000015
2229,449,448.999939,0.000061
2230,212,212.000000,0.000000
2231,0,0.000000,0.000000
2232,76,76.000000,0.000000
2233,158,158.000000,0.000000
2234,247,247.000031,0.000031
2235,0,0.000000,0.000000
2236,68,68.000000,0.000000
2237,110,110.000000,0.000000
2238,483,483.000000,0.000000
2239,70,70.000000,0.000000
2240,1373,1373.000000,0.000000
2241,85,85.000000,0.000000
2242,2421,2421.000000,0.000000
2243,136,136.000000,0.000000
2244,25,25.000000,0.000000
2245,500,500.000000,0.000000
2246,93,93.000000,0.000000
2247,1067,1067.000000,0.000000
2248,88,88.000000,0.000000
2249,275,275.000000,0.000000
2250,435,435.000000,0.000000
2251,47,46.999996,0.000004
2252,5,5.000000,0.000000
2253,77,77.000000,0.000000
2254,0,0.000000,0.000000
2255,64,64.000000,0.000000
2256,95,95.000000,0.000000
2257,717,717.000000,0.000000
2258,76,76.000000,0.000000
2259,55,55.000000,0.000000
2260,48,48.000000,0.000000
2261,115,115.000000,0.000000
2262,464,464.000000,0.000000
2263,137,137.000000,0.000000
2264,193,193.000000,0.000000
2265,3733,3733.000000,0.000000
2266,443,443.000000,0.000000
2267,671,671.000000,0.000000
2268,248,248.000000,0.000000
2269,124,124.000000,0.000000
2270,115,115.000000,0.000000
2271,230,230.000031,0.000031
2272,283,283.000000,0.000000
2273,251,251.000000,0.000000
2274,517,517.000000,0.000000
2275,29,28.999998,0.000002
2276,152,152.000000,0.000000
2277,42,41.999996,0.000004
2278,37,37.000000,0.000000
2279,0,0.000000,0.000000
2280,104,104.000000,0.000000
2281,677,676.999939,0.000061
2282,25,24.999996,0.000004
2283,399,399.000031,0.000031
2284,169,169.000000,0.000000
2285,181,181.000000,0.000000
2286,83,83.000000,0.000000
2287,355,355.000000,0.000000
2288,84,84.000000,0.000000
2289,59,59.000000,0.000000
2290,458,458.000000,0.000000
2291,151,151.000000,0.000000
2292,577,577.000000,0.000000
2293,0,0.000000,0.000000
2294,149,149.000000,0.000000
2295,737,737.000000,0.000000
2296,158,158.000000,0.000000
2297,117,117.000000,0.000000
2298,24,24.000002,0.000002
2299,471,470.999939,0.000061
2300,31,31.000000,0.000000
2301,74,74.000015,0.000015
2302,34,34.000000,0.000000
2303,41,40.999996,0.000004
2304,400,400.000000,0.000000
2305,750,750.000000,0.000000
2306,128,128.000000,0.000000
2307,246,246.000000,0.000000
2308,349,349.000000,0.000000
2309,180,180.000000,0.000000
2310,66,66.000000,0.000000
2311,0,0.000000,0.000000
2312,170,170.000000,0.000000
2313,916,916.000000,0.000000
2314,223,223.000000,0.000000
2315,259,259.000000,0.000000
2316,24,24.000000,0.000000
2317,21,21.000000,0.000000
2318,140,140.000000,0.000000
2319,379,379.000000,0.000000
2320,499,499.000092,0.000092
2321,250,250.000000,0.000000
2322,29,29.000000,0.000000
2323,46,46.000000,0.000000
2324,81,81.000000,0.000000
2325,18,18.000000,0.000000
2326,168,168.000000,0.000000
2327,177,177.000000,0.000000
2328,107,107.000000,0.000000
2329,63,63.000000,0.000000
2330,300,300.000000,0.000000
2331,128,128.000000,0.000000
2332,211,210.999985,0.000015
2333,0,0.000000,0.000000
2334,115,115.000000,0.000000
2335,26,26.000000,0.000000
2336,89,89.000000,0.000000
2337,428,428.000000,0.000000
2338,202,202.000000,0.000000
2339,730,730.000000,0.000000
2340,301,301.000000,0.000000
2341,55,54.999996,0.000004
2342,107,107.000000,0.000000
2343,253,253.000000,0.000000
2344,326,326.000000,0.000000
2345,2746,2745.999756,0.000244
2346,112,112.000000,0.000000
2347,723,723.000061,0.000061
2348,140,140.000000,0.000000
2349,6,6.000000,0.000000
2350,41,41.000000,0.000000
2351,0,0.000000,0.000000
2352,11,11.000000,0.000000
2353,176,176.000000,0.000000
2354,570,570.000000,0.000000
2355,399,399.000000,0.000000
2356,227,227.000000,0.000000
2357,647,647.000000,0.000000
2358,63,63.000000,0.000000
2359,222,222.000000,0.000000
2360,35,35.000000,0.000000
2361,255,254.999985,0.000015
2362,49,49.000000,0.000000
2363,258,258.000000,0.000000
2364,25,25.000000,0.000000
2365,325,325.000000,0.000000
2366,1366,1366.000000,0.000000
2367,2128,2128.000000,0.000000
2368,88,88.000000,0.000000
2369,185,185.000000,0.000000
2370,121,121.000008,0.000008
2371,110,110.000000,0.000000
2372,251,251.000000,0.000000
2373,130,130.000000,0.000000
2374,144,144.000000,0.000000
2375,56,56.000000,0.000000
2376,282,282.000000,0.000000
2377,183,183.000000,0.000000
2378,3668,3667.999756,0.000244
2379,557,557.000000,0.000000
2380,147,147.000000,0.000000
2381,43,43.000000,0.000000
2382,0,0.000000,0.000000
2383,0,0.000000,0.000000
2384,16,16.000000,0.000000
2385,17,17.000000,0.000000
2386,449,449.000000,0.000000
2387,378,378.000000,0.000000
2388,360,360.000000,0.000000
2389,160,160.000000,0.000000
2390,234,234.000000,0.000000
2391,734,734.000000,0.000000
2392,359,359.000000,0.000000
2393,431,431.000000,0.000000
2394,178,178.000000,0.000000
2395,318,318.000000,0.000000
2396,615,615.000000,0.000000
2397,67,67.000000,0.000000
2398,301,301.000000,0.000000
2399,17,17.000000,0.000000
2400,167,167.000000,0.000000
2401,977,977.000000,0.000000
2402,40,40.000000,0.000000
2403,706,706.000000,0.000000
2404,278,278.000000,0.000000
2405,1062,1062.000000,0.000000
2406,34,34.000000,0.000000
2407,135,135.000000,0.000000
2408,727,727.000000,0.000000
2409,1277,1277.000000,0.000000
2410,1339,1338.999878,0.000122
2411,54,54.000000,0.000000
2412,161,161.000015,0.000015
2413,221,221.000000,0.000000
2414,616,616.000000,0.000000
2415,83,83.000000,0.000000
2416,269,269.000000,0.000000
2417,39,39.000000,0.000000
2418,318,318.000000,0.000000
2419,450,450.000000,0.000000
2420,47,46.999996,0.000004
2421,167,167.000000,0.000000
2422,5762,5762.000000,0.000000
2423,1077,1077.000000,0.000000
2424,48,48.000000,0.000000
2425,2357,2357.000000,0.000000
2426,105,105.000000,0.000000
2427,76,76.000000,0.000000
2428,4481,4481.000000,0.000000
2429,40,40.000000,0.000000
2430,92,92.000000,0.000000
2431,886,886.000000,0.000000
2432,61,61.000008,0.000008
2433,49,49.000000,0.000000
2434,111,111.000000,0.000000
2435,192,192.000031,0.000031
2436,233,233.000000,0.000000
2437,203,203.000015,0.000015
2438,1179,1179.000000,0.000000
2439,11,11.000000,0.000000
2440,113,113.000000,0.000000
2441,89,89.000000,0.000000
2442,171,171.000000,0.000000
2443,76,76.000000,0.000000
2444,1354,1354.000000,0.000000
2445,582,582.000000,0.000000
2446,238,238.000000,0.000000
2447,59,59.000000,0.000000
2448,116,116.000000,0.000000
2449,194,194.000000,0.000000
2450,148,147.999985,0.000015
2451,235,235.000000,0.000000
2452,389,389.000000,0.000000
2453,402,402.000000,0.000000
2454,68,68.000000,0.000000
2455,731,731.000000,0.000000
2456,0,0.000000,0.000000
2457,28,27.999996,0.000004
2458,411,411.000000,0.000000
2459,27,27.000002,0.000002
2460,72,72.000000,0.000000
2461,41,41.000000,0.000000
2462,135,135.000000,0.000000
2463,22,22.000000,0.000000
2464,51,51.000000,0.000000
2465,30,30.000000,0.000000
2466,65,65.000000,0.000000
2467,131,131.000000,0.000000
2468,479,479.000000,0.000000
2469,32,32.000000,0.000000
2470,104,103.999992,0.000008
2471,0,0.000000,0.000000
2472,9,9.000000,0.000000
2473,0,0.000000,0.000000
2474,42,42.000000,0.000000
2475,1243,1243.000000,0.000000
2476,112,112.000000,0.000000
2477,186,186.000000,0.000000
2478,2925,2925.000000,0.000000
2479,0,0.000000,0.000000
2480,513,513.000000,0.000000
2481,2702,2701.999512,0.000488
2482,296,295.999969,0.000031
2483,253,252.999969,0.000031
2484,299,299.000000,0.000000
2485,76,76.000000,0.000000
2486,248,248.000000,0.000000
2487,271,271.000000,0.000000
2488,257,257.000000,0.000000
2489,592,592.000000,0.000000
2490,158,157.999985,0.000015
2491,428,428.000031,0.000031
2492,29,29.000000,0.000000
2493,373,373.000000,0.000000
2494,413,412.999969,0.000031
2495,410,410.000000,0.000000
2496,108,108.000015,0.000015
2497,127,127.000000,0.000000
2498,263,263.000000,0.000000
2499,74,74.000000,0.000000
2500,120,120.000000,0.000000
2501,143,143.000031,0.000031
2502,369,369.000031,0.000031
2503,3031,3031.000000,0.000000
2504,204,204.000000,0.000000
2505,331,331.000000,0.000000
2506,244,244.000031,0.000031
2507,436,436.000000,0.000000
2508,40,40.000000,0.000000
2509,42,42.000000,0.000000
2510,201,201.000000,0.000000
2511,287,287.000000,0.000000
2512,1285,1285.000000,0.000000
2513,61,61.000000,0.000000
2514,51,51.000000,0.000000
2515,229,228.999985,0.000015
2516,189,189.000031,0.000031
2517,80,80.000000,0.000000
2518,921,921.000000,0.000000
2519,122,122.000000,0.000000
2520,354,354.000000,0.000000
2521,82,82.000008,0.000008
2522,445,445.000061,0.000061
2523,19,19.000000,0.000000
2524,394,394.000000,0.000000
2525,6,6.000000,0.000000
2526,37,37.000000,0.000000
2527,899,899.000000,0.000000
2528,77,77.000000,0.000000
2529,420,419.999969,0.000031
2530,79,79.000000,0.000000
2531,70,70.000000,0.000000
2532,356,356.000000,0.000000
2533,301,301.000000,0.000000
2534,0,0.000000,0.000000
2535,898,898.000061,0.000061
2536,670,670.000000,0.000000
2537,240,239.999985,0.000015
2538,5140,5140.000000,0.000000
2539,179,179.000000,0.000000
2540,274,274.000000,0.000000
2541,134,134.000000,0.000000
2542,7,6.999999,0.000001
2543,105,105.000000,0.000000
2544,0,0.000000,0.000000
2545,26,26.000000,0.000000
2546,225,225.000015,0.000015
2547,580,580.000000,0.000000
2548,74,74.000000,0.000000
2549,1522,1522.000000,0.000000
2550,33,33.000000,0.000000
2551,67,67.000000,0.000000
2552,69,69.000000,0.000000
2553,141,141.000000,0.000000
2554,186,185.999969,0.000031
2555,96,96.000008,0.000008
2556,257,257.000000,0.000000
2557,0,0.000000,0.000000
2558,225,225.000000,0.000000
2559,0,0.000000,0.000000
2560,279,279.000000,0.000000
2561,150,150.000000,0.000000
2562,330,330.000000,0.000000
2563,276,276.000000,0.000000
2564,334,334.000031,0.000031
2565,58,58.000000,0.000000
2566,128,128.000015,0.000015
2567,270,269.999969,0.000031
2568,34,33.999996,0.000004
2569,37,37.000000,0.000000
2570,1576,1575.999878,0.000122
2571,121,121.000000,0.000000
2572,261,261.000000,0.000000
2573,249,249.000000,0.000000
2574,162,162.000000,0.000000
2575,218,218.000000,0.000000
2576,35,35.000000,0.000000
2577,402,402.000000,0.000000
2578,17,17.000000,0.000000
2579,269,269.000000,0.000000
2580,62,62.000000,0.000000
2581,674,674.000061,0.000061
2582,658,657.999939,0.000061
2583,1128,1128.000000,0.000000
2584,297,297.000000,0.000000
2585,26,26.000000,0.000000
2586,0,0.000000,0.000000
2587,349,349.000031,0.000031
2588,358,358.000000,0.000000
2589,160,160.000000,0.000000
2590,414,414.000061,0.000061
2591,17,17.000000,0.000000
2592,0,0.000000,0.000000
2593,1976,1976.000244,0.000244
2594,84,84.000000,0.000000
2595,4215,4215.000000,0.000000
2596,0,0.000000,0.000000
2597,534,534.000000,0.000000
2598,208,208.000000,0.000000
2599,33,33.000004,0.000004
2600,1831,1831.000000,0.000000
2601,455,455.000031,0.000031
2602,90,90.000000,0.000000
2603,17,17.000000,0.000000
2604,1591,1591.000000,0.000000
2605,736,735.999878,0.000122
2606,163,163.000000,0.000000
2607,173,173.000000,0.000000
2608,1536,1536.000122,0.000122
2609,109,109.000000,0.000000
2610,54,53.999996,0.000004
2611,148,148.000000,0.000000
2612,200,200.000000,0.000000
2613,96,96.000000,0.000000
2614,508,508.000061,0.000061
2615,16,15.999998,0.000002
2616,44,44.000000,0.000000
2617,122,122.000000,0.000000
2618,138,138.000000,0.000000
2619,72,72.000000,0.000000
2620,401,401.000000,0.000000
2621,94,94.000000,0.000000
2622,20,20.000004,0.000004
2623,451,450.999939,0.000061
2624,46,46.000000,0.000000
2625,1607,1607.000000,0.000000
2626,87,87.000000,0.000000
2627,83,83.000000,0.000000
2628,217,217.000000,0.000000
2629,64,64.000000,0.000000
2630,0,0.000000,0.000000
2631,535,535.000061,0.000061
2632,0,0.000000,0.000000
2633,1347,1347.000000,0.000000
2634,120,119.999992,0.000008
2635,438,438.000000,0.000000
2636,58,58.000000,0.000000
2637,110,110.000000,0.000000
2638,30,30.000002,0.000002
2639,166,166.000000,0.000000
2640,1,1.000000,0.000000
2641,50,50.000000,0.000000
2642,220,220.000000,0.000000
2643,938,938.000000,0.000000
2644,85,85.000000,0.000000
2645,142,142.000000,0.000000
2646,168,168.000000,0.000000
2647,40,40.000000,0.000000
2648,181,181.000000,0.000000
2649,115,115.000000,0.000000
2650,49,48.999996,0.000004
2651,52,52.000000,0.000000
2652,131,131.000000,0.000000
2653,19,19.000000,0.000000
2654,10,10.000000,0.000000
2655,155,155.000000,0.000000
2656,0,0.000000,0.000000
2657,663,663.000000,0.000000
2658,295,295.000000,0.000000
2659,1223,1223.000000,0.000000
2660,213,213.000000,0.000000
2661,123,122.999985,0.000015
2662,28,28.000000,0.000000
2663,144,144.000000,0.000000
2664,869,869.000000,0.000000
2665,0,0.000000,0.000000
2666,231,231.000000,0.000000
2667,176,176.000031,0.000031
2668,0,0.000000,0.000000
2669,186,186.000000,0.000000
2670,111,111.000000,0.000000
2671,1,1.000000,0.000000
2672,92,92.000000,0.000000
2673,0,0.000000,0.000000
2674,2251,2251.000000,0.000000
2675,1556,1556.000000,0.000000
2676,94,94.000000,0.000000
2677,83,83.000000,0.000000
2678,922,922.000122,0.000122
2679,188,188.000000,0.000000
2680,343,343.000000,0.000000
2681,250,249.999985,0.000015
2682,339,338.999969,0.000031
2683,82,81.999985,0.000015
2684,312,312.000000,0.000000
2685,175,175.000000,0.000000
2686,231,231.000000,0.000000
2687,22,22.000000,0.000000
2688,28,28.000000,0.000000
2689,264,264.000000,0.000000
2690,139,139.000000,0.000000
2691,190,190.000000,0.000000
2692,62,62.000000,0.000000
2693,191,191.000000,0.000000
2694,169,169.000000,0.000000
2695,24,24.000000,0.000000
2696,404,403.999969,0.000031
2697,197,197.000000,0.000000
2698,34,34.000000,0.000000
2699,90,90.000000,0.000000
2700,198,198.000000,0.000000
2701,96,96.000000,0.000000
2702,0,0.000000,0.000000
2703,95,94.999992,0.000008
2704,154,154.000000,0.000000
2705,417,417.000000,0.000000
2706,302,302.000061,0.000061
2707,194,194.000000,0.000000
2708,104,104.000000,0.000000
2709,1633,1633.000244,0.000244
2710,1522,1522.000000,0.000000
2711,276,276.000000,0.000000
2712,27,27.000004,0.000004
2713,630,630.000000,0.000000
2714,239,238.999985,0.000015
2715,285,285.000000,0.000000
2716,201,201.000000,0.000000
2717,27,26.999998,0.000002
2718,971,971.000000,0.000000
2719,3150,3150.000000,0.000000
2720,320,320.000031,0.000031
2721,155,155.000000,0.000000
2722,0,0.000000,0.000000
2723,5060,5060.000488,0.000488
2724,1819,1818.999878,0.000122
2725,489,489.000000,0.000000
2726,24,24.000000,0.000000
2727,7,7.000000,0.000000
2728,138,138.000000,0.000000
2729,515,515.000000,0.000000
2730,999,999.000122,0.000122
2731,290,290.000000,0.000000
2732,580,580.000000,0.000000
2733,63,62.999996,0.000004
2734,464,464.000000,0.000000
2735,73,73.000000,0.000000
2736,444,443.999939,0.000061
2737,12,11.999999,0.000001
2738,51,51.000000,0.000000
2739,10,10.000000,0.000000
2740,133,133.000000,0.000000
2741,329,329.000000,0.000000
2742,0,0.000000,0.000000
2743,152,152.000000,0.000000
2744,569,569.000000,0.000000
2745,159,159.000000,0.000000
2746,108,108.000000,0.000000
2747,615,614.999939,0.000061
2748,846,846.000000,0.000000
2749,84,84.000000,0.000000
2750,787,787.000000,0.000000
2751,281,281.000000,0.000000
2752,0,0.000000,0.000000
2753,183,183.000000,0.000000
2754,272,272.000000,0.000000
2755,84,84.000000,0.000000
2756,189,189.000000,0.000000
2757,0,0.000000,0.000000
2758,35,35.000000,0.000000
2759,145,145.000000,0.000000
2760,559,559.000000,0.000000
2761,15,15.000000,0.000000
2762,37,37.000000,0.000000
2763,934,934.000000,0.000000
2764,144,144.000000,0.000000
2765,319,319.000000,0.000000
2766,0,0.000000,0.000000
2767,39,39.000000,0.000000
2768,170,170.000000,0.000000
2769,158,158.000000,0.000000
2770,323,323.000000,0.000000
2771,318,318.000000,0.000000
2772,146,146.000000,0.000000
2773,2154,2154.000000,0.000000
2774,78,78.000000,0.000000
2775,280,280.000000,0.000000
2776,216,216.000000,0.000000
2777,82,82.000008,0.000008
2778,119,119.000000,0.000000
2779,378,378.000000,0.000000
2780,285,285.000000,0.000000
2781,2103,2103.000000,0.000000
2782,21,21.000002,0.000002
2783,6089,6089.000000,0.000000
2784,258,258.000000,0.000000
2785,32,32.000000,0.000000
2786,347,347.000000,0.000000
2787,17,17.000000,0.000000
2788,210,209.999985,0.000015
2789,0,0.000000,0.000000
2790,616,616.000000,0.000000
2791,1125,1125.000000,0.000000
2792,81,81.000000,0.000000
2793,168,168.000000,0.000000
2794,530,530.000000,0.000000
2795,153,153.000000,0.000000
2796,616,616.000000,0.000000
2797,1275,1275.000000,0.000000
2798,170,170.000000,0.000000
2799,204,203.999985,0.000015
2800,113,113.000000,0.000000
2801,552,552.000061,0.000061
2802,372,372.000000,0.000000
2803,266,266.000000,0.000000
2804,86,86.000000,0.000000
2805,797,797.000000,0.000000
2806,306,306.000000,0.000000
2807,286,286.000000,0.000000
2808,436,436.000061,0.000061
2809,401,401.000000,0.000000
2810,270,270.000031,0.000031
2811,145,145.000000,0.000000
2812,51,50.999992,0.000008
2813,59,59.000000,0.000000
2814,382,382.000000,0.000000
2815,2436,2436.000000,0.000000
2816,249,248.999969,0.000031
2817,429,429.000000,0.000000
2818,133,133.000000,0.000000
2819,913,913.000000,0.000000
2820,43,43.000000,0.000000
2821,34,34.000000,0.000000
2822,278,278.000000,0.000000
2823,38,38.000000,0.000000
2824,210,210.000000,0.000000
2825,95,95.000000,0.000000
2826,166,166.000000,0.000000
2827,2313,2313.000244,0.000244
2828,786,786.000000,0.000000
2829,32,32.000000,0.000000
2830,943,943.000000,0.000000
2831,44,44.000000,0.000000
2832,76,76.000000,0.000000
2833,1054,1054.000000,0.000000
2834,189,189.000000,0.000000
2835,109,109.000000,0.000000
2836,95,95.000000,0.000000
2837,1032,1032.000000,0.000000
2838,137,137.000000,0.000000
2839,127,127.000000,0.000000
2840,123,122.999985,0.000015
2841,121,121.000000,0.000000
2842,161,161.000000,0.000000
2843,120,120.000000,0.000000
2844,2555,2555.000000,0.000000
2845,194,194.000000,0.000000
2846,6407,6407.000000,0.000000
2847,89,89.000000,0.000000
2848,14,14.000000,0.000000
2849,55,55.000000,0.000000
2850,66,66.000000,0.000000
2851,65,65.000000,0.000000
2852,108,108.000008,0.000008
2853,1632,1632.000000,0.000000
2854,694,694.000000,0.000000
2855,139,139.000000,0.000000
2856,160,160.000000,0.000000
2857,330,330.000000,0.000000
2858,120,119.999992,0.000008
2859,85,85.000000,0.000000
2860,115,115.000000,0.000000
2861,852,852.000000,0.000000
2862,1461,1461.000000,0.000000
2863,5823,5823.000000,0.000000
2864,0,0.000000,0.000000
2865,157,157.000000,0.000000
2866,16,16.000002,0.000002
2867,730,730.000000,0.000000
2868,153,153.000000,0.000000
2869,43,43.000000,0.000000
2870,507,507.000000,0.000000
2871,287,287.000000,0.000000
2872,149,149.000000,0.000000
2873,2112,2112.000000,0.000000
2874,1008,1008.000122,0.000122
2875,136,136.000000,0.000000
2876,62,62.000000,0.000000
2877,164,163.999985,0.000015
2878,372,371.999969,0.000031
2879,13,13.000002,0.000002
2880,678,678.000000,0.000000
2881,2607,2607.000000,0.000000
2882,511,511.000000,0.000000
2883,405,405.000000,0.000000
2884,483,483.000000,0.000000
2885,26,26.000000,0.000000
2886,36,36.000000,0.000000
2887,316,316.000000,0.000000
2888,969,969.000000,0.000000
2889,88,88.000000,0.000000
2890,139,139.000000,0.000000
2891,94,94.000000,0.000000
2892,1924,1924.000000,0.000000
2893,168,168.000000,0.000000
2894,428,428.000061,0.000061
2895,107,107.000000,0.000000
2896,102,102.000000,0.000000
2897,1946,1946.000122,0.000122
2898,252,252.000031,0.000031
2899,260,260.000000,0.000000
2900,48,48.000000,0.000000
2901,435,435.000000,0.000000
2902,91,91.000000,0.000000
2903,399,399.000000,0.000000
2904,401,401.000000,0.000000
2905,281,281.000000,0.000000
2906,473,473.000061,0.000061
2907,171,171.000015,0.000015
2908,635,635.000000,0.000000
2909,37,37.000000,0.000000
2910,113,113.000000,0.000000
2911,0,0.000000,0.000000
2912,18,17.999998,0.000002
2913,233,233.000000,0.000000
2914,259,259.000000,0.000000
2915,307,307.000000,0.000000
2916,28,28.000000,0.000000
2917,149,149.000000,0.000000
2918,0,0.000000,0.000000
2919,60,60.000000,0.000000
2920,0,0.000000,0.000000
2921,0,0.000000,0.000000
2922,423,423.000000,0.000000
2923,607,607.000000,0.000000
2924,61,61.000000,0.000000
2925,247,247.000000,0.000000
2926,39,39.000000,0.000000
2927,5541,5541.000000,0.000000
2928,212,212.000000,0.000000
2929,458,458.000031,0.000031
2930,4535,4535.000000,0.000000
2931,219,219.000015,0.000015
2932,609,609.000000,0.000000
2933,372,372.000000,0.000000
2934,144,144.000000,0.000000
2935,57,57.000000,0.000000
2936,0,0.000000,0.000000
2937,119,119.000000,0.000000
2938,120,120.000015,0.000015
2939,98,98.000008,0.000008
2940,53,52.999996,0.000004
2941,552,552.000000,0.000000
2942,157,157.000000,0.000000
2943,166,165.999969,0.000031
2944,47,47.000000,0.000000
2945,71,71.000000,0.000000
2946,0,0.000000,0.000000
2947,76,76.000000,0.000000
2948,164,164.000000,0.000000
2949,450,450.000000,0.000000
2950,314,314.000000,0.000000
2951,1448,1448.000000,0.000000
2952,1280,1280.000000,0.000000
2953,59,58.999992,0.000008
2954,168,168.000000,0.000000
2955,117,117.000000,0.000000
2956,3635,3635.000000,0.000000
2957,518,518.000000,0.000000
2958,532,532.000000,0.000000
2959,31,31.000004,0.000004
2960,140,140.000000,0.000000
2961,1873,1873.000000,0.000000
2962,360,360.000000,0.000000
2963,151,150.999985,0.000015
2964,57,56.999996,0.000004
2965,0,0.000000,0.000000
2966,102,102.000008,0.000008
2967,255,255.000000,0.000000
2968,42,42.000000,0.000000
2969,393,393.000000,0.000000
2970,31,31.000000,0.000000
2971,24,24.000000,0.000000
2972,650,650.000183,0.000183
2973,53,53.000000,0.000000
2974,0,0.000000,0.000000
2975,38,38.000000,0.000000
2976,347,347.000000,0.000000
2977,291,291.000000,0.000000
2978,221,221.000000,0.000000
2979,444,444.000000,0.000000
2980,498,498.000000,0.000000
2981,2,2.000000,0.000000
2982,235,235.000000,0.000000
2983,273,273.000000,0.000000
2984,630,630.000000,0.000000
2985,11,11.000000,0.000000
2986,2408,2408.000000,0.000000
2987,114,114.000000,0.000000
2988,0,0.000000,0.000000
2989,738,738.000122,0.000122
2990,139,138.999985,0.000015
2991,100,100.000000,0.000000
2992,283,282.999969,0.000031
2993,499,499.000000,0.000000
2994,144,144.000000,0.000000
2995,90,90.000000,0.000000
2996,384,384.000000,0.000000
2997,195,195.000000,0.000000
2998,329,329.000031,0.000031
2999,159,159.000000,0.000000
3000,728,728.000000,0.000000
3001,52,52.000000,0.000000
3002,127,127.000008,0.000008
3003,55,55.000000,0.000000
3004,50,50.000000,0.000000
3005,843,843.000000,0.000000
3006,316,316.000000,0.000000
3007,200,200.000000,0.000000
3008,0,0.000000,0.000000
3009,66,66.000000,0.000000
3010,114,114.000015,0.000015
3011,478,478.000031,0.000031
3012,23,23.000000,0.000000
3013,167,167.000000,0.000000
3014,136,136.000000,0.000000
3015,0,0.000000,0.000000
3016,48,48.000000,0.000000
3017,119,119.000000,0.000000
3018,44,44.000000,0.000000
3019,43,42.999996,0.000004
3020,26,26.000000,0.000000
3021,240,240.000031,0.000031
3022,212,212.000000,0.000000
3023,79,79.000000,0.000000
3024,539,539.000000,0.000000
3025,123,123.000000,0.000000
3026,0,0.000000,0.000000
3027,11,11.000000,0.000000
3028,301,301.000000,0.000000
3029,793,793.000000,0.000000
3030,419,419.000000,0.000000
3031,50,50.000000,0.000000
3032,135,134.999985,0.000015
3033,553,552.999939,0.000061
3034,247,246.999969,0.000031
3035,0,0.000000,0.000000
3036,55,55.000008,0.000008
3037,329,329.000000,0.000000
3038,25,25.000000,0.000000
3039,34,34.000004,0.000004
3040,118,118.000000,0.000000
3041,196,195.999969,0.000031
3042,0,0.000000,0.000000
3043,70,70.000000,0.000000
3044,1341,1341.000000,0.000000
3045,72,72.000000,0.000000
3046,70,70.000000,0.000000
3047,98,98.000000,0.000000
3048,106,106.000015,0.000015
3049,2638,2638.000000,0.000000
3050,95,95.000000,0.000000
3051,91,91.000000,0.000000
3052,681,681.000000,0.000000
3053,1576,1576.000000,0.000000
3054,0,0.000000,0.000000
3055,132,132.000000,0.000000
3056,301,301.000000,0.000000
3057,197,197.000031,0.000031
3058,95,95.000000,0.000000
3059,88,87.999992,0.000008
3060,105,105.000015,0.000015
3061,2270,2270.000000,0.000000
3062,87,87.000000,0.000000
3063,101,101.000000,0.000000
3064,2925,2925.000000,0.000000
3065,27,27.000000,0.000000
3066,427,427.000000,0.000000
3067,157,157.000000,0.000000
3068,110,110.000000,0.000000
3069,28,28.000000,0.000000
3070,100,100.000000,0.000000
3071,306,306.000000,0.000000
3072,371,371.000000,0.000000
3073,565,565.000061,0.000061
3074,341,340.999969,0.000031
3075,0,0.000000,0.000000
3076,548,548.000000,0.000000
3077,535,535.000000,0.000000
3078,18,18.000000,0.000000
3079,169,169.000000,0.000000
3080,235,235.000031,0.000031
3081,161,161.000000,0.000000
3082,151,151.000000,0.000000
3083,97,97.000000,0.000000
3084,756,756.000122,0.000122
3085,387,387.000031,0.000031
3086,28,28.000000,0.000000
3087,188,188.000000,0.000000
3088,0,0.000000,0.000000
3089,250,250.000000,0.000000
3090,378,378.000061,0.000061
3091,243,243.000000,0.000000
3092,28,28.000000,0.000000
3093,100,100.000015,0.000015
3094,297,297.000000,0.000000
3095,130,129.999985,0.000015
3096,84,84.000000,0.000000
3097,41,41.000000,0.000000
3099,38,38.000000,0.000000
3100,862,862.000000,0.000000
3101,316,315.999969,0.000031
3102,36,35.999996,0.000004
3103,1759,1759.000000,0.000000
3104,5,5.000000,0.000000
3105,46,46.000000,0.000000
3106,185,185.000000,0.000000
3107,185,185.000031,0.000031
3108,57,57.000000,0.000000
3109,1061,1061.000000,0.000000
3169,20033,20033.000000,0.000000
